T,P,F,D,Experiment_ID,Kategorie,Z
1,0.0,0.0,0.0,1610,Gutschweißung,2900.0
2,0.0,502.701,0.0,1610,Gutschweißung,2900.0
3,0.0,504.654,0.0,1610,Gutschweißung,2900.0
4,0.0,500.748,0.0,1610,Gutschweißung,2900.0
5,0.0,504.654,0.0,1610,Gutschweißung,2900.0
6,0.0,502.701,0.0,1610,Gutschweißung,2900.0
7,0.0,502.701,0.0,1610,Gutschweißung,2900.0
8,0.0,477.065,0.0,1610,Gutschweißung,2900.0
9,0.0,435.56,0.0199966,1610,Gutschweißung,2900.0
10,69.5822,411.878,0.0400009,1610,Gutschweißung,2900.0
11,108.951,386.242,0.0699997,1610,Gutschweißung,2900.0
12,155.95,372.326,0.110001,1610,Gutschweißung,2900.0
13,217.597,350.597,0.150002,1610,Gutschweißung,2900.0
14,299.081,336.68,0.190002,1610,Gutschweißung,2900.0
15,373.241,330.821,0.229996,1610,Gutschweißung,2900.0
16,432.447,323.008,0.269997,1610,Gutschweißung,2900.0
17,484.329,321.055,0.309998,1610,Gutschweißung,2900.0
18,553.301,317.148,0.349998,1610,Gutschweißung,2900.0
19,625.019,307.138,0.389999,1610,Gutschweißung,2900.0
20,689.108,323.008,0.419998,1610,Gutschweißung,2900.0
21,753.502,321.055,0.449997,1610,Gutschweißung,2900.0
22,812.708,326.914,0.479996,1610,Gutschweißung,2900.0
23,869.472,332.774,0.510002,1610,Gutschweißung,2900.0
24,923.795,334.727,0.529999,1610,Gutschweißung,2900.0
25,990.631,354.503,0.550003,1610,Gutschweißung,2900.0
26,1057.16,346.69,0.57,1610,Gutschweißung,2900.0
27,1111.48,362.56,0.580002,1610,Gutschweißung,2900.0
28,1163.37,358.409,0.589996,1610,Gutschweißung,2900.0
29,1195.41,401.868,0.599998,1610,Gutschweißung,2900.0
30,1210.36,390.149,0.610001,1610,Gutschweißung,2900.0
31,1247.29,388.195,0.620003,1610,Gutschweißung,2900.0
32,1301.61,419.691,0.620003,1610,Gutschweißung,2900.0
33,1340.98,403.821,0.629997,1610,Gutschweißung,2900.0
34,1380.66,405.774,0.629997,1610,Gutschweißung,2900.0
35,1412.7,399.915,0.639999,1610,Gutschweißung,2900.0
36,1424.91,421.644,0.639999,1610,Gutschweißung,2900.0
37,1437.42,417.737,0.650002,1610,Gutschweißung,2900.0
38,1486.86,429.456,0.650002,1610,Gutschweißung,2900.0
39,1543.63,397.961,0.659996,1610,Gutschweißung,2900.0
40,1583.0,419.691,0.669998,1610,Gutschweißung,2900.0
41,1617.79,427.503,0.669998,1610,Gutschweißung,2900.0
42,1637.32,407.971,0.68,1610,Gutschweißung,2900.0
43,1637.32,425.55,0.68,1610,Gutschweißung,2900.0
44,1637.32,433.607,0.690002,1610,Gutschweißung,2900.0
45,1674.55,435.56,0.690002,1610,Gutschweißung,2900.0
46,1709.04,421.644,0.699997,1610,Gutschweißung,2900.0
47,1736.2,423.597,0.709999,1610,Gutschweißung,2900.0
48,1753.59,423.597,0.709999,1610,Gutschweißung,2900.0
49,1748.41,453.383,0.720001,1610,Gutschweißung,2900.0
50,1731.32,431.654,0.729996,1610,Gutschweißung,2900.0
51,1745.96,433.607,0.729996,1610,Gutschweißung,2900.0
52,1795.4,453.383,0.739998,1610,Gutschweißung,2900.0
53,1829.89,441.42,0.75,1610,Gutschweißung,2900.0
54,1854.61,429.456,0.75,1610,Gutschweißung,2900.0
55,1869.56,439.467,0.760002,1610,Gutschweißung,2900.0
56,1864.68,457.289,0.769997,1610,Gutschweißung,2900.0
57,1854.61,465.102,0.769997,1610,Gutschweißung,2900.0
58,1889.1,461.196,0.779999,1610,Gutschweißung,2900.0
59,1946.17,435.56,0.790001,1610,Gutschweißung,2900.0
60,1975.77,463.149,0.790001,1610,Gutschweißung,2900.0
61,1995.3,463.149,0.800003,1610,Gutschweißung,2900.0
62,1995.3,449.232,0.800003,1610,Gutschweißung,2900.0
63,1975.77,461.196,0.809998,1610,Gutschweißung,2900.0
64,1958.37,479.019,0.82,1610,Gutschweißung,2900.0
65,1987.98,469.008,0.82,1610,Gutschweißung,2900.0
66,2015.14,459.243,0.830002,1610,Gutschweißung,2900.0
67,2032.53,449.232,0.830002,1610,Gutschweißung,2900.0
68,2032.53,467.055,0.839996,1610,Gutschweißung,2900.0
69,2007.81,486.831,0.839996,1610,Gutschweißung,2900.0
70,1975.77,463.149,0.849998,1610,Gutschweißung,2900.0
71,1973.33,477.065,0.849998,1610,Gutschweißung,2900.0
72,2020.02,484.878,0.860001,1610,Gutschweißung,2900.0
73,2047.18,479.019,0.860001,1610,Gutschweißung,2900.0
74,2062.14,461.196,0.860001,1610,Gutschweißung,2900.0
75,2059.69,480.972,0.870003,1610,Gutschweißung,2900.0
76,2039.86,484.878,0.870003,1610,Gutschweißung,2900.0
77,2022.46,502.701,0.879997,1610,Gutschweißung,2900.0
78,2054.81,486.831,0.879997,1610,Gutschweißung,2900.0
79,2101.5,470.962,0.889999,1610,Gutschweißung,2900.0
80,2128.67,500.748,0.889999,1610,Gutschweißung,2900.0
81,2143.62,484.878,0.900002,1610,Gutschweißung,2900.0
82,2131.11,477.065,0.900002,1610,Gutschweißung,2900.0
83,2101.5,490.738,0.900002,1610,Gutschweißung,2900.0
84,2076.78,506.607,0.909996,1610,Gutschweißung,2900.0
85,2103.95,496.597,0.909996,1610,Gutschweißung,2900.0
86,2126.22,484.878,0.919998,1610,Gutschweißung,2900.0
87,2136.3,479.019,0.919998,1610,Gutschweißung,2900.0
88,2133.55,488.784,0.919998,1610,Gutschweißung,2900.0
89,2106.39,514.42,0.93,1610,Gutschweißung,2900.0
90,2067.02,486.831,0.93,1610,Gutschweißung,2900.0
91,2062.14,498.795,0.940002,1610,Gutschweißung,2900.0
92,2106.39,512.467,0.940002,1610,Gutschweißung,2900.0
93,2133.55,498.795,0.949997,1610,Gutschweißung,2900.0
94,2143.62,484.878,0.949997,1610,Gutschweißung,2900.0
95,2141.18,500.748,0.949997,1610,Gutschweißung,2900.0
96,2114.02,508.56,0.959999,1610,Gutschweißung,2900.0
97,2089.3,522.477,0.959999,1610,Gutschweißung,2900.0
98,2116.46,508.56,0.959999,1610,Gutschweißung,2900.0
99,2163.46,488.784,0.970001,1610,Gutschweißung,2900.0
100,2175.66,516.373,0.970001,1610,Gutschweißung,2900.0
101,2190.62,502.701,0.970001,1610,Gutschweißung,2900.0
102,2185.43,500.748,0.979996,1610,Gutschweißung,2900.0
103,2155.83,504.654,0.979996,1610,Gutschweißung,2900.0
104,2121.34,522.477,0.979996,1610,Gutschweißung,2900.0
105,2126.22,508.56,0.989998,1610,Gutschweißung,2900.0
106,2155.83,500.748,0.989998,1610,Gutschweißung,2900.0
107,2168.34,482.925,0.989998,1610,Gutschweißung,2900.0
108,2165.9,508.56,1.0,1610,Gutschweißung,2900.0
109,2143.62,522.477,1.0,1610,Gutschweißung,2900.0
110,2099.06,496.597,1.0,1610,Gutschweißung,2900.0
111,2069.46,514.42,1.01,1610,Gutschweißung,2900.0
112,2106.39,534.196,1.01,1610,Gutschweißung,2900.0
113,2136.3,508.56,1.01,1610,Gutschweißung,2900.0
114,2148.5,506.607,1.02,1610,Gutschweißung,2900.0
115,2150.94,500.748,1.02,1610,Gutschweißung,2900.0
116,2126.22,524.43,1.02,1610,Gutschweißung,2900.0
117,2096.62,518.326,1.03,1610,Gutschweißung,2900.0
118,2101.5,532.243,1.03,1610,Gutschweißung,2900.0
119,2150.94,486.831,1.03,1610,Gutschweißung,2900.0
120,2178.11,516.373,1.03,1610,Gutschweißung,2900.0
121,2190.62,524.43,1.04,1610,Gutschweißung,2900.0
122,2185.43,492.691,1.04,1610,Gutschweißung,2900.0
123,2153.39,518.326,1.04,1610,Gutschweißung,2900.0
124,2118.9,522.477,1.04,1610,Gutschweißung,2900.0
125,2121.34,524.43,1.05,1610,Gutschweißung,2900.0
126,2150.94,502.701,1.05,1610,Gutschweißung,2900.0
127,2163.46,508.56,1.05,1610,Gutschweißung,2900.0
128,2160.71,506.607,1.05,1610,Gutschweißung,2900.0
129,2136.3,542.009,1.06,1610,Gutschweißung,2900.0
130,2091.74,514.42,1.06,1610,Gutschweißung,2900.0
131,2064.58,514.42,1.06,1610,Gutschweißung,2900.0
132,2101.5,542.009,1.07,1610,Gutschweißung,2900.0
133,2128.67,518.326,1.07,1610,Gutschweißung,2900.0
134,2141.18,510.514,1.07,1610,Gutschweißung,2900.0
135,2141.18,514.42,1.07,1610,Gutschweißung,2900.0
136,2121.34,528.336,1.08,1610,Gutschweißung,2900.0
137,2089.3,532.243,1.08,1610,Gutschweißung,2900.0
138,2086.86,530.29,1.08,1610,Gutschweißung,2900.0
139,2136.3,498.795,1.08,1610,Gutschweißung,2900.0
140,2168.34,526.383,1.09,1610,Gutschweißung,2900.0
141,2178.11,526.383,1.09,1610,Gutschweißung,2900.0
142,2173.22,506.607,1.09,1610,Gutschweißung,2900.0
143,2141.18,520.524,1.09,1610,Gutschweißung,2900.0
144,2106.39,532.243,1.09,1610,Gutschweißung,2900.0
145,2109.13,528.336,1.1,1610,Gutschweißung,2900.0
146,2138.74,514.42,1.1,1610,Gutschweißung,2900.0
147,2150.94,506.607,1.1,1610,Gutschweißung,2900.0
148,2148.5,518.326,1.1,1610,Gutschweißung,2900.0
149,2121.34,540.056,1.11,1610,Gutschweißung,2900.0
150,2079.23,514.42,1.11,1610,Gutschweißung,2900.0
151,2052.06,524.43,1.11,1610,Gutschweißung,2900.0
152,2086.86,540.056,1.11,1610,Gutschweißung,2900.0
153,2116.46,524.43,1.11,1610,Gutschweißung,2900.0
154,2128.67,506.607,1.12,1610,Gutschweißung,2900.0
155,2131.11,524.43,1.12,1610,Gutschweißung,2900.0
156,2109.13,530.29,1.12,1610,Gutschweißung,2900.0
157,2076.78,540.056,1.12,1610,Gutschweißung,2900.0
158,2076.78,532.243,1.12,1610,Gutschweißung,2900.0
159,2128.67,510.514,1.13,1610,Gutschweißung,2900.0
160,2155.83,538.102,1.13,1610,Gutschweißung,2900.0
161,2165.9,528.336,1.13,1610,Gutschweißung,2900.0
162,2160.71,520.524,1.13,1610,Gutschweißung,2900.0
163,2128.67,526.383,1.13,1610,Gutschweißung,2900.0
164,2091.74,544.206,1.14,1610,Gutschweißung,2900.0
165,2096.62,532.243,1.14,1610,Gutschweißung,2900.0
166,2121.34,522.477,1.14,1610,Gutschweißung,2900.0
167,2133.55,510.514,1.14,1610,Gutschweißung,2900.0
168,2133.55,530.29,1.14,1610,Gutschweißung,2900.0
169,2106.39,544.206,1.15,1610,Gutschweißung,2900.0
170,2067.02,518.326,1.15,1610,Gutschweißung,2900.0
171,2039.86,534.196,1.15,1610,Gutschweißung,2900.0
172,2071.9,553.972,1.15,1610,Gutschweißung,2900.0
173,2101.5,528.336,1.15,1610,Gutschweißung,2900.0
174,2111.58,524.43,1.15,1610,Gutschweißung,2900.0
175,2111.58,520.524,1.16,1610,Gutschweißung,2900.0
176,2089.3,544.206,1.16,1610,Gutschweißung,2900.0
177,2057.25,536.149,1.16,1610,Gutschweißung,2900.0
178,2062.14,552.019,1.16,1610,Gutschweißung,2900.0
179,2111.58,504.654,1.16,1610,Gutschweißung,2900.0
180,2136.3,534.196,1.17,1610,Gutschweißung,2900.0
181,2148.5,542.009,1.17,1610,Gutschweißung,2900.0
182,2143.62,512.467,1.17,1610,Gutschweißung,2900.0
183,2111.58,532.243,1.17,1610,Gutschweißung,2900.0
184,2076.78,538.102,1.17,1610,Gutschweißung,2900.0
185,2081.97,542.009,1.17,1610,Gutschweißung,2900.0
186,2109.13,522.477,1.18,1610,Gutschweißung,2900.0
187,2118.9,524.43,1.18,1610,Gutschweißung,2900.0
188,2118.9,520.524,1.18,1610,Gutschweißung,2900.0
189,2094.18,557.878,1.18,1610,Gutschweißung,2900.0
190,2052.06,530.29,1.18,1610,Gutschweißung,2900.0
191,2027.65,528.336,1.18,1610,Gutschweißung,2900.0
192,2059.69,555.925,1.19,1610,Gutschweißung,2900.0
193,2086.86,532.243,1.19,1610,Gutschweißung,2900.0
194,2099.06,524.43,1.19,1610,Gutschweißung,2900.0
195,2101.5,530.29,1.19,1610,Gutschweißung,2900.0
196,2076.78,542.009,1.19,1610,Gutschweißung,2900.0
197,2047.18,544.206,1.19,1610,Gutschweißung,2900.0
198,2052.06,548.112,1.19,1610,Gutschweißung,2900.0
199,2101.5,514.42,1.2,1610,Gutschweißung,2900.0
200,2121.34,542.009,1.2,1610,Gutschweißung,2900.0
201,2136.3,542.009,1.2,1610,Gutschweißung,2900.0
202,2133.55,522.477,1.2,1610,Gutschweißung,2900.0
203,2101.5,538.102,1.2,1610,Gutschweißung,2900.0
204,2069.46,546.159,1.2,1610,Gutschweißung,2900.0
205,2074.34,544.206,1.2,1610,Gutschweißung,2900.0
206,2099.06,528.336,1.21,1610,Gutschweißung,2900.0
207,2106.39,524.43,1.21,1610,Gutschweißung,2900.0
208,2106.39,530.29,1.21,1610,Gutschweißung,2900.0
209,2079.23,557.878,1.21,1610,Gutschweißung,2900.0
210,2037.42,530.29,1.21,1610,Gutschweißung,2900.0
211,2015.14,536.149,1.21,1610,Gutschweißung,2900.0
212,2049.62,553.972,1.21,1610,Gutschweißung,2900.0
213,2074.34,538.102,1.22,1610,Gutschweißung,2900.0
214,2084.41,524.43,1.22,1610,Gutschweißung,2900.0
215,2086.86,534.196,1.22,1610,Gutschweißung,2900.0
216,2064.58,544.206,1.22,1610,Gutschweißung,2900.0
217,2034.97,553.972,1.22,1610,Gutschweißung,2900.0
218,2042.3,546.159,1.22,1610,Gutschweißung,2900.0
219,2091.74,524.43,1.22,1610,Gutschweißung,2900.0
220,2116.46,548.112,1.22,1610,Gutschweißung,2900.0
221,2128.67,540.056,1.23,1610,Gutschweißung,2900.0
222,2118.9,530.29,1.23,1610,Gutschweißung,2900.0
223,2086.86,538.102,1.23,1610,Gutschweißung,2900.0
224,2057.25,555.925,1.23,1610,Gutschweißung,2900.0
225,2064.58,542.009,1.23,1610,Gutschweißung,2900.0
226,2086.86,534.196,1.23,1610,Gutschweißung,2900.0
227,2101.5,522.477,1.23,1610,Gutschweißung,2900.0
228,2096.62,540.056,1.23,1610,Gutschweißung,2900.0
229,2071.9,555.925,1.24,1610,Gutschweißung,2900.0
230,2032.53,530.29,1.24,1610,Gutschweißung,2900.0
231,2010.25,544.206,1.24,1610,Gutschweißung,2900.0
232,2044.74,557.878,1.24,1610,Gutschweißung,2900.0
233,2071.9,538.102,1.24,1610,Gutschweißung,2900.0
234,2084.41,530.29,1.24,1610,Gutschweißung,2900.0
235,2084.41,536.149,1.24,1610,Gutschweißung,2900.0
236,2062.14,550.066,1.24,1610,Gutschweißung,2900.0
237,2034.97,552.019,1.25,1610,Gutschweißung,2900.0
238,2042.3,553.972,1.25,1610,Gutschweißung,2900.0
239,2086.86,522.477,1.25,1610,Gutschweißung,2900.0
240,2111.58,550.066,1.25,1610,Gutschweißung,2900.0
241,2123.78,544.206,1.25,1610,Gutschweißung,2900.0
242,2118.9,532.243,1.25,1610,Gutschweißung,2900.0
243,2089.3,542.009,1.25,1610,Gutschweißung,2900.0
244,2054.81,555.925,1.25,1610,Gutschweißung,2900.0
245,2062.14,546.159,1.25,1610,Gutschweißung,2900.0
246,2089.3,536.149,1.26,1610,Gutschweißung,2900.0
247,2096.62,526.383,1.26,1610,Gutschweißung,2900.0
248,2096.62,540.056,1.26,1610,Gutschweißung,2900.0
249,2071.9,559.832,1.26,1610,Gutschweißung,2900.0
250,2027.65,534.196,1.26,1610,Gutschweißung,2900.0
251,2007.81,546.159,1.26,1610,Gutschweißung,2900.0
252,2044.74,555.925,1.26,1610,Gutschweißung,2900.0
253,2069.46,544.206,1.26,1610,Gutschweißung,2900.0
254,2081.97,526.383,1.27,1610,Gutschweißung,2900.0
255,2079.23,540.056,1.27,1610,Gutschweißung,2900.0
256,2059.69,552.019,1.27,1610,Gutschweißung,2900.0
257,2032.53,565.935,1.27,1610,Gutschweißung,2900.0
258,2037.42,552.019,1.27,1610,Gutschweißung,2900.0
259,2086.86,532.243,1.27,1610,Gutschweißung,2900.0
260,2114.02,557.878,1.27,1610,Gutschweißung,2900.0
261,2123.78,546.159,1.27,1610,Gutschweißung,2900.0
262,2116.46,526.383,1.27,1610,Gutschweißung,2900.0
263,2086.86,546.159,1.27,1610,Gutschweißung,2900.0
264,2054.81,548.112,1.28,1610,Gutschweißung,2900.0
265,2057.25,557.878,1.28,1610,Gutschweißung,2900.0
266,2086.86,532.243,1.28,1610,Gutschweißung,2900.0
267,2094.18,544.206,1.28,1610,Gutschweißung,2900.0
268,2094.18,528.336,1.28,1610,Gutschweißung,2900.0
269,2071.9,579.608,1.28,1610,Gutschweißung,2900.0
270,2027.65,548.112,1.28,1610,Gutschweißung,2900.0
271,2007.81,538.102,1.28,1610,Gutschweißung,2900.0
272,2044.74,573.748,1.28,1610,Gutschweißung,2900.0
273,2071.9,548.112,1.29,1610,Gutschweißung,2900.0
274,2079.23,544.206,1.29,1610,Gutschweißung,2900.0
275,2079.23,540.056,1.29,1610,Gutschweißung,2900.0
276,2059.69,563.738,1.29,1610,Gutschweißung,2900.0
277,2030.09,555.925,1.29,1610,Gutschweißung,2900.0
278,2037.42,569.842,1.29,1610,Gutschweißung,2900.0
279,2084.41,524.43,1.29,1610,Gutschweißung,2900.0
280,2111.58,553.972,1.29,1610,Gutschweißung,2900.0
281,2121.34,559.832,1.29,1610,Gutschweißung,2900.0
282,2116.46,532.243,1.29,1610,Gutschweißung,2900.0
283,2084.41,552.019,1.3,1610,Gutschweißung,2900.0
284,2052.06,557.878,1.3,1610,Gutschweißung,2900.0
285,2062.14,561.785,1.3,1610,Gutschweißung,2900.0
286,2091.74,542.009,1.3,1610,Gutschweißung,2900.0
287,2096.62,544.206,1.3,1610,Gutschweißung,2900.0
288,2094.18,542.009,1.3,1610,Gutschweißung,2900.0
289,2071.9,575.701,1.3,1610,Gutschweißung,2900.0
290,2030.09,552.019,1.3,1610,Gutschweißung,2900.0
291,2010.25,548.112,1.3,1610,Gutschweißung,2900.0
292,2042.3,573.748,1.3,1610,Gutschweißung,2900.0
293,2069.46,553.972,1.31,1610,Gutschweißung,2900.0
294,2081.97,544.206,1.31,1610,Gutschweißung,2900.0
295,2079.23,548.112,1.31,1610,Gutschweißung,2900.0
296,2059.69,561.785,1.31,1610,Gutschweißung,2900.0
297,2030.09,565.935,1.31,1610,Gutschweißung,2900.0
298,2037.42,565.935,1.31,1610,Gutschweißung,2900.0
299,2086.86,534.196,1.31,1610,Gutschweißung,2900.0
300,2111.58,561.785,1.31,1610,Gutschweißung,2900.0
301,2121.34,557.878,1.31,1610,Gutschweißung,2900.0
302,2116.46,542.009,1.31,1610,Gutschweißung,2900.0
303,2084.41,557.878,1.32,1610,Gutschweißung,2900.0
304,2052.06,565.935,1.32,1610,Gutschweißung,2900.0
305,2062.14,565.935,1.32,1610,Gutschweißung,2900.0
306,2089.3,550.066,1.32,1610,Gutschweißung,2900.0
307,2096.62,542.009,1.32,1610,Gutschweißung,2900.0
308,2094.18,553.972,1.32,1610,Gutschweißung,2900.0
309,2069.46,575.701,1.32,1610,Gutschweißung,2900.0
310,2027.65,548.112,1.32,1610,Gutschweißung,2900.0
311,2007.81,559.832,1.32,1610,Gutschweißung,2900.0
312,2044.74,571.795,1.32,1610,Gutschweißung,2900.0
313,2069.46,555.925,1.33,1610,Gutschweißung,2900.0
314,2081.97,540.056,1.33,1610,Gutschweißung,2900.0
315,2084.41,557.878,1.33,1610,Gutschweißung,2900.0
316,2059.69,563.738,1.33,1610,Gutschweißung,2900.0
317,2032.53,579.608,1.33,1610,Gutschweißung,2900.0
318,2039.86,565.935,1.33,1610,Gutschweißung,2900.0
319,2084.41,546.159,1.33,1610,Gutschweißung,2900.0
320,2109.13,571.795,1.33,1610,Gutschweißung,2900.0
321,2121.34,559.832,1.33,1610,Gutschweißung,2900.0
322,2114.02,538.102,1.33,1610,Gutschweißung,2900.0
323,2079.23,559.832,1.34,1610,Gutschweißung,2900.0
324,2049.62,559.832,1.34,1610,Gutschweißung,2900.0
325,2059.69,573.748,1.34,1610,Gutschweißung,2900.0
326,2084.41,544.206,1.34,1610,Gutschweißung,2900.0
327,2094.18,555.925,1.34,1610,Gutschweißung,2900.0
328,2091.74,542.009,1.34,1610,Gutschweißung,2900.0
329,2067.02,589.618,1.34,1610,Gutschweißung,2900.0
330,2024.9,563.738,1.34,1610,Gutschweißung,2900.0
331,2007.81,552.019,1.34,1610,Gutschweißung,2900.0
332,2042.3,587.42,1.34,1610,Gutschweißung,2900.0
333,2067.02,561.785,1.34,1610,Gutschweißung,2900.0
334,2076.78,553.972,1.35,1610,Gutschweißung,2900.0
335,2076.78,552.019,1.35,1610,Gutschweißung,2900.0
336,2057.25,573.748,1.35,1610,Gutschweißung,2900.0
337,2024.9,565.935,1.35,1610,Gutschweißung,2900.0
338,2037.42,577.654,1.35,1610,Gutschweißung,2900.0
339,2084.41,534.196,1.35,1610,Gutschweißung,2900.0
340,2106.39,561.785,1.35,1610,Gutschweißung,2900.0
341,2116.46,569.842,1.35,1610,Gutschweißung,2900.0
342,2109.13,542.009,1.35,1610,Gutschweißung,2900.0
343,2076.78,561.785,1.35,1610,Gutschweißung,2900.0
344,2047.18,567.888,1.35,1610,Gutschweißung,2900.0
345,2059.69,571.795,1.36,1610,Gutschweißung,2900.0
346,2079.23,548.112,1.36,1610,Gutschweißung,2900.0
347,2091.74,552.019,1.36,1610,Gutschweißung,2900.0
348,2089.3,550.066,1.36,1610,Gutschweißung,2900.0
349,2064.58,587.42,1.36,1610,Gutschweißung,2900.0
350,2022.46,557.878,1.36,1610,Gutschweißung,2900.0
351,2007.81,555.925,1.36,1610,Gutschweißung,2900.0
352,2042.3,581.561,1.36,1610,Gutschweißung,2900.0
353,2064.58,561.785,1.36,1610,Gutschweißung,2900.0
354,2079.23,552.019,1.36,1610,Gutschweißung,2900.0
355,2076.78,555.925,1.36,1610,Gutschweißung,2900.0
356,2054.81,571.795,1.37,1610,Gutschweißung,2900.0
357,2030.09,573.748,1.37,1610,Gutschweißung,2900.0
358,2039.86,575.701,1.37,1610,Gutschweißung,2900.0
359,2084.41,542.009,1.37,1610,Gutschweißung,2900.0
360,2109.13,569.842,1.37,1610,Gutschweißung,2900.0
361,2118.9,567.888,1.37,1610,Gutschweißung,2900.0
362,2111.58,552.019,1.37,1610,Gutschweißung,2900.0
363,2079.23,563.738,1.37,1610,Gutschweißung,2900.0
364,2047.18,575.701,1.37,1610,Gutschweißung,2900.0
365,2059.69,571.795,1.37,1610,Gutschweißung,2900.0
366,2084.41,553.972,1.37,1610,Gutschweißung,2900.0
367,2094.18,550.066,1.37,1610,Gutschweißung,2900.0
368,2091.74,559.832,1.38,1610,Gutschweißung,2900.0
369,2062.14,583.514,1.38,1610,Gutschweißung,2900.0
370,2024.9,555.925,1.38,1610,Gutschweißung,2900.0
371,2007.81,561.785,1.38,1610,Gutschweißung,2900.0
372,2044.74,575.701,1.38,1610,Gutschweißung,2900.0
373,2069.46,561.785,1.38,1610,Gutschweißung,2900.0
374,2079.23,548.112,1.38,1610,Gutschweißung,2900.0
375,2076.78,561.785,1.38,1610,Gutschweißung,2900.0
376,2054.81,567.888,1.38,1610,Gutschweißung,2900.0
377,2027.65,579.608,1.38,1610,Gutschweißung,2900.0
378,2037.42,569.842,1.38,1610,Gutschweißung,2900.0
379,2086.86,548.112,1.38,1610,Gutschweißung,2900.0
380,2106.39,573.748,1.38,1610,Gutschweißung,2900.0
381,2121.34,561.785,1.39,1610,Gutschweißung,2900.0
382,2111.58,548.112,1.39,1610,Gutschweißung,2900.0
383,2081.97,561.785,1.39,1610,Gutschweißung,2900.0
384,2049.62,571.795,1.39,1610,Gutschweißung,2900.0
385,2062.14,571.795,1.39,1610,Gutschweißung,2900.0
386,2084.41,553.972,1.39,1610,Gutschweißung,2900.0
387,2091.74,550.066,1.39,1610,Gutschweißung,2900.0
388,2089.3,553.972,1.39,1610,Gutschweißung,2900.0
389,2064.58,583.514,1.39,1610,Gutschweißung,2900.0
390,2022.46,557.878,1.39,1610,Gutschweißung,2900.0
391,2005.37,559.832,1.39,1610,Gutschweißung,2900.0
392,2042.3,577.654,1.39,1610,Gutschweißung,2900.0
393,2069.46,561.785,1.4,1610,Gutschweißung,2900.0
394,2076.78,552.019,1.4,1610,Gutschweißung,2900.0
395,2074.34,559.832,1.4,1610,Gutschweißung,2900.0
396,2052.06,571.795,1.4,1610,Gutschweißung,2900.0
397,2022.46,577.654,1.4,1610,Gutschweißung,2900.0
398,2037.42,573.748,1.4,1610,Gutschweißung,2900.0
399,2084.41,546.159,1.4,1610,Gutschweißung,2900.0
400,2106.39,571.795,1.4,1610,Gutschweißung,2900.0
401,2118.9,563.738,1.4,1610,Gutschweißung,2900.0
402,2106.39,553.972,1.4,1610,Gutschweißung,2900.0
403,2076.78,563.738,1.4,1610,Gutschweißung,2900.0
404,2047.18,575.701,1.4,1610,Gutschweißung,2900.0
405,2062.14,567.888,1.4,1610,Gutschweißung,2900.0
406,2081.97,555.925,1.41,1610,Gutschweißung,2900.0
407,2091.74,546.159,1.41,1610,Gutschweißung,2900.0
408,2091.74,561.785,1.41,1610,Gutschweißung,2900.0
409,2064.58,579.608,1.41,1610,Gutschweißung,2900.0
410,2022.46,553.972,1.41,1610,Gutschweißung,2900.0
411,2007.81,561.785,1.41,1610,Gutschweißung,2900.0
412,2044.74,583.514,1.41,1610,Gutschweißung,2900.0
413,2067.02,563.738,1.41,1610,Gutschweißung,2900.0
414,2076.78,559.832,1.41,1610,Gutschweißung,2900.0
415,2074.34,552.019,1.41,1610,Gutschweißung,2900.0
416,2049.62,579.608,1.41,1610,Gutschweißung,2900.0
417,2022.46,567.888,1.41,1610,Gutschweißung,2900.0
418,2037.42,589.618,1.41,1610,Gutschweißung,2900.0
419,2086.86,536.149,1.42,1610,Gutschweißung,2900.0
420,2111.58,561.785,1.42,1610,Gutschweißung,2900.0
421,2121.34,575.701,1.42,1610,Gutschweißung,2900.0
422,2111.58,540.056,1.42,1610,Gutschweißung,2900.0
423,2081.97,563.738,1.42,1610,Gutschweißung,2900.0
424,2052.06,563.738,1.42,1610,Gutschweißung,2900.0
425,2064.58,573.748,1.42,1610,Gutschweißung,2900.0
426,2086.86,550.066,1.42,1610,Gutschweißung,2900.0
427,2096.62,555.925,1.42,1610,Gutschweißung,2900.0
428,2094.18,546.159,1.42,1610,Gutschweißung,2900.0
429,2067.02,589.618,1.42,1610,Gutschweißung,2900.0
430,2024.9,563.738,1.42,1610,Gutschweißung,2900.0
431,2010.25,553.972,1.42,1610,Gutschweißung,2900.0
432,2047.18,587.42,1.42,1610,Gutschweißung,2900.0
433,2071.9,561.785,1.43,1610,Gutschweißung,2900.0
434,2079.23,555.925,1.43,1610,Gutschweißung,2900.0
435,2079.23,557.878,1.43,1610,Gutschweißung,2900.0
436,2057.25,571.795,1.43,1610,Gutschweißung,2900.0
437,2027.65,569.842,1.43,1610,Gutschweißung,2900.0
438,2042.3,581.561,1.43,1610,Gutschweißung,2900.0
439,2089.3,536.149,1.43,1610,Gutschweißung,2900.0
440,2111.58,563.738,1.43,1610,Gutschweißung,2900.0
441,2118.9,569.842,1.43,1610,Gutschweißung,2900.0
442,2114.02,546.159,1.43,1610,Gutschweißung,2900.0
443,2084.41,561.785,1.43,1610,Gutschweißung,2900.0
444,2052.06,569.842,1.43,1610,Gutschweißung,2900.0
445,2067.02,571.795,1.43,1610,Gutschweißung,2900.0
446,2089.3,553.972,1.44,1610,Gutschweißung,2900.0
447,2096.62,552.019,1.44,1610,Gutschweißung,2900.0
448,2094.18,553.972,1.44,1610,Gutschweißung,2900.0
449,2064.58,585.467,1.44,1610,Gutschweißung,2900.0
450,2024.9,555.925,1.44,1610,Gutschweißung,2900.0
451,2012.7,557.878,1.44,1610,Gutschweißung,2900.0
452,2049.62,579.608,1.44,1610,Gutschweißung,2900.0
453,2074.34,561.785,1.44,1610,Gutschweißung,2900.0
454,2086.86,552.019,1.44,1610,Gutschweißung,2900.0
455,2084.41,557.878,1.44,1610,Gutschweißung,2900.0
456,2062.14,569.842,1.44,1610,Gutschweißung,2900.0
457,2034.97,575.701,1.44,1610,Gutschweißung,2900.0
458,2047.18,573.748,1.44,1610,Gutschweißung,2900.0
459,2094.18,544.206,1.44,1610,Gutschweißung,2900.0
460,2116.46,569.842,1.45,1610,Gutschweißung,2900.0
461,2123.78,565.935,1.45,1610,Gutschweißung,2900.0
462,2116.46,550.066,1.45,1610,Gutschweißung,2900.0
463,2084.41,561.785,1.45,1610,Gutschweißung,2900.0
464,2054.81,577.654,1.45,1610,Gutschweißung,2900.0
465,2067.02,569.842,1.45,1610,Gutschweißung,2900.0
466,2091.74,557.878,1.45,1610,Gutschweißung,2900.0
467,2101.5,544.206,1.45,1610,Gutschweißung,2900.0
468,2094.18,557.878,1.45,1610,Gutschweißung,2900.0
469,2071.9,579.608,1.45,1610,Gutschweißung,2900.0
470,2027.65,553.972,1.45,1610,Gutschweißung,2900.0
471,2015.14,563.738,1.45,1610,Gutschweißung,2900.0
472,2049.62,573.748,1.45,1610,Gutschweißung,2900.0
473,2074.34,561.785,1.46,1610,Gutschweißung,2900.0
474,2086.86,563.738,1.46,1610,Gutschweißung,2900.0
475,2081.97,550.066,1.46,1610,Gutschweißung,2900.0
476,2062.14,579.608,1.46,1610,Gutschweißung,2900.0
477,2032.53,565.935,1.46,1610,Gutschweißung,2900.0
478,2047.18,585.467,1.46,1610,Gutschweißung,2900.0
479,2091.74,538.102,1.46,1610,Gutschweißung,2900.0
480,2114.02,561.785,1.46,1610,Gutschweißung,2900.0
481,2123.78,575.701,1.46,1610,Gutschweißung,2900.0
482,2114.02,544.206,1.46,1610,Gutschweißung,2900.0
483,2081.97,561.785,1.46,1610,Gutschweißung,2900.0
484,2052.06,565.935,1.46,1610,Gutschweißung,2900.0
485,2064.58,573.748,1.46,1610,Gutschweißung,2900.0
486,2091.74,552.019,1.46,1610,Gutschweißung,2900.0
487,2099.06,559.832,1.47,1610,Gutschweißung,2900.0
488,2094.18,544.206,1.47,1610,Gutschweißung,2900.0
489,2067.02,591.571,1.47,1610,Gutschweißung,2900.0
490,2024.9,561.785,1.47,1610,Gutschweißung,2900.0
491,2012.7,555.925,1.47,1610,Gutschweißung,2900.0
492,2052.06,585.467,1.47,1610,Gutschweißung,2900.0
493,2074.34,563.738,1.47,1610,Gutschweißung,2900.0
494,2084.41,555.925,1.47,1610,Gutschweißung,2900.0
495,2084.41,555.925,1.47,1610,Gutschweißung,2900.0
496,2059.69,573.748,1.47,1610,Gutschweißung,2900.0
497,2032.53,569.842,1.47,1610,Gutschweißung,2900.0
498,2049.62,583.514,1.47,1610,Gutschweißung,2900.0
499,2091.74,538.102,1.47,1610,Gutschweißung,2900.0
500,2116.46,563.738,1.48,1610,Gutschweißung,2900.0
501,2126.22,569.842,1.48,1610,Gutschweißung,2900.0
502,2114.02,546.159,1.48,1610,Gutschweißung,2900.0
503,2081.97,565.935,1.48,1610,Gutschweißung,2900.0
504,2054.81,571.795,1.48,1610,Gutschweißung,2900.0
505,2071.9,569.842,1.48,1610,Gutschweißung,2900.0
506,2091.74,553.972,1.48,1610,Gutschweißung,2900.0
507,2099.06,553.972,1.48,1610,Gutschweißung,2900.0
508,2094.18,552.019,1.48,1610,Gutschweißung,2900.0
509,2069.46,587.42,1.48,1610,Gutschweißung,2900.0
510,2027.65,557.878,1.48,1610,Gutschweißung,2900.0
511,2017.58,559.832,1.48,1610,Gutschweißung,2900.0
512,2052.06,581.561,1.48,1610,Gutschweißung,2900.0
513,2071.9,563.738,1.48,1610,Gutschweißung,2900.0
514,2084.41,550.066,1.49,1610,Gutschweißung,2900.0
515,2081.97,557.878,1.49,1610,Gutschweißung,2900.0
516,2062.14,571.795,1.49,1610,Gutschweißung,2900.0
517,2032.53,575.701,1.49,1610,Gutschweißung,2900.0
518,2047.18,577.654,1.49,1610,Gutschweißung,2900.0
519,2096.62,546.159,1.49,1610,Gutschweißung,2900.0
520,2116.46,571.795,1.49,1610,Gutschweißung,2900.0
521,2128.67,565.935,1.49,1610,Gutschweißung,2900.0
522,2116.46,553.972,1.49,1610,Gutschweißung,2900.0
523,2084.41,563.738,1.49,1610,Gutschweißung,2900.0
524,2054.81,577.654,1.49,1610,Gutschweißung,2900.0
525,2069.46,569.842,1.49,1610,Gutschweißung,2900.0
526,2094.18,557.878,1.49,1610,Gutschweißung,2900.0
527,2099.06,548.112,1.49,1610,Gutschweißung,2900.0
528,2094.18,561.785,1.5,1610,Gutschweißung,2900.0
529,2064.58,579.608,1.5,1610,Gutschweißung,2900.0
530,2024.9,555.925,1.5,1610,Gutschweißung,2900.0
531,2015.14,563.738,1.5,1610,Gutschweißung,2900.0
532,2054.81,573.748,1.5,1610,Gutschweißung,2900.0
533,2076.78,563.738,1.5,1610,Gutschweißung,2900.0
534,2086.86,555.925,1.5,1610,Gutschweißung,2900.0
535,2086.86,557.878,1.5,1610,Gutschweißung,2900.0
536,2062.14,571.795,1.5,1610,Gutschweißung,2900.0
537,2034.97,571.795,1.5,1610,Gutschweißung,2900.0
538,2052.06,575.701,1.5,1610,Gutschweißung,2900.0
539,2096.62,540.056,1.5,1610,Gutschweißung,2900.0
540,2118.9,567.888,1.5,1610,Gutschweißung,2900.0
541,2131.11,567.888,1.5,1610,Gutschweißung,2900.0
542,2118.9,550.066,1.51,1610,Gutschweißung,2900.0
543,2084.41,565.935,1.51,1610,Gutschweißung,2900.0
544,2057.25,571.795,1.51,1610,Gutschweißung,2900.0
545,2069.46,571.795,1.51,1610,Gutschweißung,2900.0
546,2094.18,557.878,1.51,1610,Gutschweißung,2900.0
547,2101.5,552.019,1.51,1610,Gutschweißung,2900.0
548,2096.62,555.925,1.51,1610,Gutschweißung,2900.0
549,2067.02,581.561,1.51,1610,Gutschweißung,2900.0
550,2027.65,557.878,1.51,1610,Gutschweißung,2900.0
551,2017.58,561.785,1.51,1610,Gutschweißung,2900.0
552,2054.81,575.701,1.51,1610,Gutschweißung,2900.0
553,2079.23,563.738,1.51,1610,Gutschweißung,2900.0
554,2086.86,550.066,1.51,1610,Gutschweißung,2900.0
555,2084.41,559.832,1.51,1610,Gutschweißung,2900.0
556,2064.58,569.842,1.52,1610,Gutschweißung,2900.0
557,2034.97,579.608,1.52,1610,Gutschweißung,2900.0
558,2052.06,569.842,1.52,1610,Gutschweißung,2900.0
559,2099.06,546.159,1.52,1610,Gutschweißung,2900.0
560,2121.34,571.795,1.52,1610,Gutschweißung,2900.0
561,2131.11,565.935,1.52,1610,Gutschweißung,2900.0
562,2118.9,553.972,1.52,1610,Gutschweißung,2900.0
563,2086.86,563.738,1.52,1610,Gutschweißung,2900.0
564,2054.81,563.738,1.52,1610,Gutschweißung,2900.0
565,2074.34,575.701,1.52,1610,Gutschweißung,2900.0
566,2096.62,544.206,1.52,1610,Gutschweißung,2900.0
567,2106.39,557.878,1.52,1610,Gutschweißung,2900.0
568,2099.06,542.009,1.52,1610,Gutschweißung,2900.0
569,2069.46,593.524,1.53,1610,Gutschweißung,2900.0
570,2030.09,563.738,1.53,1610,Gutschweißung,2900.0
571,2020.02,553.972,1.53,1610,Gutschweißung,2900.0
572,2059.69,587.42,1.53,1610,Gutschweißung,2900.0
573,2081.97,563.738,1.53,1610,Gutschweißung,2900.0
574,2094.18,559.832,1.53,1610,Gutschweißung,2900.0
575,2089.3,552.019,1.53,1610,Gutschweißung,2900.0
576,2067.02,577.654,1.53,1610,Gutschweißung,2900.0
577,2037.42,567.888,1.53,1610,Gutschweißung,2900.0
578,2057.25,581.561,1.53,1610,Gutschweißung,2900.0
579,2101.5,536.149,1.53,1610,Gutschweißung,2900.0
580,2123.78,561.785,1.53,1610,Gutschweißung,2900.0
581,2133.55,573.748,1.53,1610,Gutschweißung,2900.0
582,2121.34,542.009,1.53,1610,Gutschweißung,2900.0
583,2091.74,563.738,1.54,1610,Gutschweißung,2900.0
584,2062.14,567.888,1.54,1610,Gutschweißung,2900.0
585,2076.78,573.748,1.54,1610,Gutschweißung,2900.0
586,2101.5,552.019,1.54,1610,Gutschweißung,2900.0
587,2109.13,553.972,1.54,1610,Gutschweißung,2900.0
588,2103.95,548.112,1.54,1610,Gutschweißung,2900.0
589,2071.9,589.618,1.54,1610,Gutschweißung,2900.0
590,2032.53,561.785,1.54,1610,Gutschweißung,2900.0
591,2022.46,557.878,1.54,1610,Gutschweißung,2900.0
592,2062.14,585.467,1.54,1610,Gutschweißung,2900.0
593,2081.97,561.785,1.54,1610,Gutschweißung,2900.0
594,2091.74,553.972,1.54,1610,Gutschweißung,2900.0
595,2086.86,553.972,1.54,1610,Gutschweißung,2900.0
596,2064.58,571.795,1.54,1610,Gutschweißung,2900.0
597,2039.86,571.795,1.55,1610,Gutschweißung,2900.0
598,2059.69,575.701,1.55,1610,Gutschweißung,2900.0
599,2106.39,540.056,1.55,1610,Gutschweißung,2900.0
600,2126.22,565.935,1.55,1610,Gutschweißung,2900.0
601,2138.74,567.888,1.55,1610,Gutschweißung,2900.0
602,2123.78,548.112,1.55,1610,Gutschweißung,2900.0
603,2091.74,561.785,1.55,1610,Gutschweißung,2900.0
604,2069.46,573.748,1.55,1610,Gutschweißung,2900.0
605,2067.02,569.842,1.55,1610,Gutschweißung,2900.0
606,2099.06,553.972,1.55,1610,Gutschweißung,2900.0
607,2109.13,550.066,1.55,1610,Gutschweißung,2900.0
608,2109.13,553.972,1.55,1610,Gutschweißung,2900.0
609,2091.74,583.514,1.55,1610,Gutschweißung,2900.0
610,2052.06,553.972,1.55,1610,Gutschweißung,2900.0
611,2022.46,561.785,1.56,1610,Gutschweißung,2900.0
612,2052.06,577.654,1.56,1610,Gutschweißung,2900.0
613,2081.97,559.832,1.56,1610,Gutschweißung,2900.0
614,2094.18,548.112,1.56,1610,Gutschweißung,2900.0
615,2101.5,559.832,1.56,1610,Gutschweißung,2900.0
616,2081.97,569.842,1.56,1610,Gutschweißung,2900.0
617,2052.06,579.608,1.56,1610,Gutschweißung,2900.0
618,2047.18,571.795,1.56,1610,Gutschweißung,2900.0
619,2094.18,544.206,1.56,1610,Gutschweißung,2900.0
620,2123.78,571.795,1.56,1610,Gutschweißung,2900.0
621,2138.74,561.785,1.56,1610,Gutschweißung,2900.0
622,2133.55,553.972,1.56,1610,Gutschweißung,2900.0
623,2106.39,561.785,1.56,1610,Gutschweißung,2900.0
624,2074.34,557.878,1.56,1610,Gutschweißung,2900.0
625,2071.9,573.748,1.57,1610,Gutschweißung,2900.0
626,2096.62,544.206,1.57,1610,Gutschweißung,2900.0
627,2109.13,561.785,1.57,1610,Gutschweißung,2900.0
628,2109.13,542.009,1.57,1610,Gutschweißung,2900.0
629,2086.86,589.618,1.57,1610,Gutschweißung,2900.0
630,2049.62,563.738,1.57,1610,Gutschweißung,2900.0
631,2020.02,550.066,1.57,1610,Gutschweißung,2900.0
632,2052.06,583.514,1.57,1610,Gutschweißung,2900.0
633,2081.97,561.785,1.57,1610,Gutschweißung,2900.0
634,2096.62,557.878,1.57,1610,Gutschweißung,2900.0
635,2099.06,550.066,1.57,1610,Gutschweißung,2900.0
636,2081.97,573.748,1.57,1610,Gutschweißung,2900.0
637,2052.06,563.738,1.57,1610,Gutschweißung,2900.0
638,2049.62,581.561,1.58,1610,Gutschweißung,2900.0
639,2096.62,534.196,1.58,1610,Gutschweißung,2900.0
640,2123.78,563.738,1.58,1610,Gutschweißung,2900.0
641,2138.74,569.842,1.58,1610,Gutschweißung,2900.0
642,2136.3,538.102,1.58,1610,Gutschweißung,2900.0
643,2109.13,561.785,1.58,1610,Gutschweißung,2900.0
644,2074.34,565.935,1.58,1610,Gutschweißung,2900.0
645,2071.9,571.795,1.58,1610,Gutschweißung,2900.0
646,2101.5,548.112,1.58,1610,Gutschweißung,2900.0
647,2109.13,555.925,1.58,1610,Gutschweißung,2900.0
648,2111.58,544.206,1.58,1610,Gutschweißung,2900.0
649,2091.74,587.42,1.58,1610,Gutschweißung,2900.0
650,2047.18,559.832,1.58,1610,Gutschweißung,2900.0
651,2022.46,553.972,1.58,1610,Gutschweißung,2900.0
652,2049.62,583.514,1.59,1610,Gutschweißung,2900.0
653,2079.23,559.832,1.59,1610,Gutschweißung,2900.0
654,2096.62,552.019,1.59,1610,Gutschweißung,2900.0
655,2099.06,553.972,1.59,1610,Gutschweißung,2900.0
656,2079.23,573.748,1.59,1610,Gutschweißung,2900.0
657,2052.06,567.888,1.59,1610,Gutschweißung,2900.0
658,2047.18,577.654,1.59,1610,Gutschweißung,2900.0
659,2091.74,538.102,1.59,1610,Gutschweißung,2900.0
660,2121.34,563.738,1.59,1610,Gutschweißung,2900.0
661,2136.3,565.935,1.59,1610,Gutschweißung,2900.0
662,2131.11,544.206,1.59,1610,Gutschweißung,2900.0
663,2103.95,559.832,1.59,1610,Gutschweißung,2900.0
664,2071.9,569.842,1.59,1610,Gutschweißung,2900.0
665,2071.9,567.888,1.59,1610,Gutschweißung,2900.0
666,2101.5,552.019,1.6,1610,Gutschweißung,2900.0
667,2111.58,550.066,1.6,1610,Gutschweißung,2900.0
668,2111.58,552.019,1.6,1610,Gutschweißung,2900.0
669,2094.18,581.561,1.6,1610,Gutschweißung,2900.0
670,2052.06,555.925,1.6,1610,Gutschweißung,2900.0
671,2024.9,557.878,1.6,1610,Gutschweißung,2900.0
672,2054.81,577.654,1.6,1610,Gutschweißung,2900.0
673,2084.41,559.832,1.6,1610,Gutschweißung,2900.0
674,2094.18,546.159,1.6,1610,Gutschweißung,2900.0
675,2099.06,555.925,1.6,1610,Gutschweißung,2900.0
676,2081.97,569.842,1.6,1610,Gutschweißung,2900.0
677,2052.06,571.795,1.6,1610,Gutschweißung,2900.0
678,2049.62,569.842,1.6,1610,Gutschweißung,2900.0
679,2099.06,542.009,1.6,1610,Gutschweißung,2900.0
680,2126.22,567.888,1.61,1610,Gutschweißung,2900.0
681,2138.74,561.785,1.61,1610,Gutschweißung,2900.0
682,2136.3,550.066,1.61,1610,Gutschweißung,2900.0
683,2111.58,561.785,1.61,1610,Gutschweißung,2900.0
684,2074.34,565.935,1.61,1610,Gutschweißung,2900.0
685,2074.34,567.888,1.61,1610,Gutschweißung,2900.0
686,2103.95,548.112,1.61,1610,Gutschweißung,2900.0
687,2114.02,550.066,1.61,1610,Gutschweißung,2900.0
688,2114.02,546.159,1.61,1610,Gutschweißung,2900.0
689,2089.3,583.514,1.61,1610,Gutschweißung,2900.0
690,2054.81,555.925,1.61,1610,Gutschweißung,2900.0
691,2024.9,555.925,1.61,1610,Gutschweißung,2900.0
692,2054.81,581.561,1.61,1610,Gutschweißung,2900.0
693,2086.86,557.878,1.61,1610,Gutschweißung,2900.0
694,2099.06,548.112,1.62,1610,Gutschweißung,2900.0
695,2101.5,552.019,1.62,1610,Gutschweißung,2900.0
696,2081.97,569.842,1.62,1610,Gutschweißung,2900.0
697,2052.06,571.795,1.62,1610,Gutschweißung,2900.0
698,2049.62,573.748,1.62,1610,Gutschweißung,2900.0
699,2099.06,538.102,1.62,1610,Gutschweißung,2900.0
700,2126.22,567.888,1.62,1610,Gutschweißung,2900.0
701,2138.74,561.785,1.62,1610,Gutschweißung,2900.0
702,2133.55,548.112,1.62,1610,Gutschweißung,2900.0
703,2103.95,559.832,1.62,1610,Gutschweißung,2900.0
704,2069.46,571.795,1.62,1610,Gutschweißung,2900.0
705,2074.34,565.935,1.62,1610,Gutschweißung,2900.0
706,2099.06,552.019,1.62,1610,Gutschweißung,2900.0
707,2111.58,546.159,1.63,1610,Gutschweißung,2900.0
708,2114.02,553.972,1.63,1610,Gutschweißung,2900.0
709,2091.74,577.654,1.63,1610,Gutschweißung,2900.0
710,2054.81,552.019,1.63,1610,Gutschweißung,2900.0
711,2024.9,559.832,1.63,1610,Gutschweißung,2900.0
712,2054.81,573.748,1.63,1610,Gutschweißung,2900.0
713,2079.23,559.832,1.63,1610,Gutschweißung,2900.0
714,2094.18,561.785,1.63,1610,Gutschweißung,2900.0
715,2096.62,546.159,1.63,1610,Gutschweißung,2900.0
716,2079.23,577.654,1.63,1610,Gutschweißung,2900.0
717,2052.06,559.832,1.63,1610,Gutschweißung,2900.0
718,2052.06,585.467,1.63,1610,Gutschweißung,2900.0
719,2101.5,532.243,1.63,1610,Gutschweißung,2900.0
720,2128.67,557.878,1.63,1610,Gutschweißung,2900.0
721,2143.62,573.748,1.63,1610,Gutschweißung,2900.0
722,2138.74,542.009,1.64,1610,Gutschweißung,2900.0
723,2111.58,559.832,1.64,1610,Gutschweißung,2900.0
724,2076.78,559.832,1.64,1610,Gutschweißung,2900.0
725,2079.23,571.795,1.64,1610,Gutschweißung,2900.0
726,2103.95,542.009,1.64,1610,Gutschweißung,2900.0
727,2116.46,555.925,1.64,1610,Gutschweißung,2900.0
728,2116.46,536.149,1.64,1610,Gutschweißung,2900.0
729,2094.18,587.42,1.64,1610,Gutschweißung,2900.0
730,2052.06,561.785,1.64,1610,Gutschweißung,2900.0
731,2022.46,550.066,1.64,1610,Gutschweißung,2900.0
732,2057.25,581.561,1.64,1610,Gutschweißung,2900.0
733,2086.86,555.925,1.64,1610,Gutschweißung,2900.0
734,2101.5,553.972,1.64,1610,Gutschweißung,2900.0
735,2101.5,552.019,1.64,1610,Gutschweißung,2900.0
736,2079.23,573.748,1.65,1610,Gutschweißung,2900.0
737,2052.06,561.785,1.65,1610,Gutschweißung,2900.0
738,2049.62,577.654,1.65,1610,Gutschweißung,2900.0
739,2099.06,532.243,1.65,1610,Gutschweißung,2900.0
740,2131.11,557.878,1.65,1610,Gutschweißung,2900.0
741,2146.06,569.842,1.65,1610,Gutschweißung,2900.0
742,2138.74,538.102,1.65,1610,Gutschweißung,2900.0
743,2109.13,559.832,1.65,1610,Gutschweißung,2900.0
744,2076.78,565.935,1.65,1610,Gutschweißung,2900.0
745,2079.23,569.842,1.65,1610,Gutschweißung,2900.0
746,2103.95,546.159,1.65,1610,Gutschweißung,2900.0
747,2114.02,553.972,1.65,1610,Gutschweißung,2900.0
748,2114.02,544.206,1.65,1610,Gutschweißung,2900.0
749,2091.74,583.514,1.65,1610,Gutschweißung,2900.0
750,2052.06,557.878,1.66,1610,Gutschweißung,2900.0
751,2027.65,553.972,1.66,1610,Gutschweißung,2900.0
752,2059.69,581.561,1.66,1610,Gutschweißung,2900.0
753,2086.86,553.972,1.66,1610,Gutschweißung,2900.0
754,2101.5,548.112,1.66,1610,Gutschweißung,2900.0
755,2101.5,550.066,1.66,1610,Gutschweißung,2900.0
756,2081.97,567.888,1.66,1610,Gutschweißung,2900.0
757,2052.06,567.888,1.66,1610,Gutschweißung,2900.0
758,2054.81,571.795,1.66,1610,Gutschweißung,2900.0
759,2103.95,536.149,1.66,1610,Gutschweißung,2900.0
760,2126.22,563.738,1.66,1610,Gutschweißung,2900.0
761,2141.18,561.785,1.66,1610,Gutschweißung,2900.0
762,2136.3,544.206,1.66,1610,Gutschweißung,2900.0
763,2106.39,559.832,1.66,1610,Gutschweißung,2900.0
764,2071.9,569.842,1.66,1610,Gutschweißung,2900.0
765,2076.78,563.738,1.67,1610,Gutschweißung,2900.0
766,2103.95,550.066,1.67,1610,Gutschweißung,2900.0
767,2114.02,548.112,1.67,1610,Gutschweißung,2900.0
768,2116.46,555.925,1.67,1610,Gutschweißung,2900.0
769,2091.74,579.608,1.67,1610,Gutschweißung,2900.0
770,2052.06,552.019,1.67,1610,Gutschweißung,2900.0
771,2022.46,557.878,1.67,1610,Gutschweißung,2900.0
772,2057.25,573.748,1.67,1610,Gutschweißung,2900.0
773,2084.41,557.878,1.67,1610,Gutschweißung,2900.0
774,2099.06,557.878,1.67,1610,Gutschweißung,2900.0
775,2101.5,544.206,1.67,1610,Gutschweißung,2900.0
776,2081.97,575.701,1.67,1610,Gutschweißung,2900.0
777,2052.06,559.832,1.67,1610,Gutschweißung,2900.0
778,2052.06,581.561,1.67,1610,Gutschweißung,2900.0
779,2101.5,532.243,1.67,1610,Gutschweißung,2900.0
780,2128.67,557.878,1.68,1610,Gutschweißung,2900.0
781,2141.18,571.795,1.68,1610,Gutschweißung,2900.0
782,2138.74,540.056,1.68,1610,Gutschweißung,2900.0
783,2109.13,557.878,1.68,1610,Gutschweißung,2900.0
784,2074.34,557.878,1.68,1610,Gutschweißung,2900.0
785,2079.23,567.888,1.68,1610,Gutschweißung,2900.0
786,2106.39,542.009,1.68,1610,Gutschweißung,2900.0
787,2114.02,555.925,1.68,1610,Gutschweißung,2900.0
788,2116.46,536.149,1.68,1610,Gutschweißung,2900.0
789,2094.18,585.467,1.68,1610,Gutschweißung,2900.0
790,2052.06,559.832,1.68,1610,Gutschweißung,2900.0
791,2024.9,546.159,1.68,1610,Gutschweißung,2900.0
792,2054.81,581.561,1.68,1610,Gutschweißung,2900.0
793,2091.74,557.878,1.68,1610,Gutschweißung,2900.0
794,2101.5,553.972,1.69,1610,Gutschweißung,2900.0
795,2103.95,550.066,1.69,1610,Gutschweißung,2900.0
796,2084.41,571.795,1.69,1610,Gutschweißung,2900.0
797,2054.81,561.785,1.69,1610,Gutschweißung,2900.0
798,2054.81,579.608,1.69,1610,Gutschweißung,2900.0
799,2101.5,534.196,1.69,1610,Gutschweißung,2900.0
800,2131.11,559.832,1.69,1610,Gutschweißung,2900.0
801,2146.06,565.935,1.69,1610,Gutschweißung,2900.0
802,2138.74,538.102,1.69,1610,Gutschweißung,2900.0
803,2111.58,559.832,1.69,1610,Gutschweißung,2900.0
804,2074.34,561.785,1.69,1610,Gutschweißung,2900.0
805,2081.97,569.842,1.69,1610,Gutschweißung,2900.0
806,2103.95,546.159,1.69,1610,Gutschweißung,2900.0
807,2114.02,552.019,1.69,1610,Gutschweißung,2900.0
808,2114.02,544.206,1.7,1610,Gutschweißung,2900.0
809,2089.3,583.514,1.7,1610,Gutschweißung,2900.0
810,2052.06,553.972,1.7,1610,Gutschweißung,2900.0
811,2022.46,552.019,1.7,1610,Gutschweißung,2900.0
812,2059.69,579.608,1.7,1610,Gutschweißung,2900.0
813,2086.86,557.878,1.7,1610,Gutschweißung,2900.0
814,2099.06,548.112,1.7,1610,Gutschweißung,2900.0
815,2099.06,550.066,1.7,1610,Gutschweißung,2900.0
816,2081.97,569.842,1.7,1610,Gutschweißung,2900.0
817,2054.81,565.935,1.7,1610,Gutschweißung,2900.0
818,2057.25,571.795,1.7,1610,Gutschweißung,2900.0
819,2103.95,536.149,1.7,1610,Gutschweißung,2900.0
820,2131.11,561.785,1.7,1610,Gutschweißung,2900.0
821,2146.06,563.738,1.7,1610,Gutschweißung,2900.0
822,2138.74,544.206,1.7,1610,Gutschweißung,2900.0
823,2111.58,557.878,1.71,1610,Gutschweißung,2900.0
824,2074.34,567.888,1.71,1610,Gutschweißung,2900.0
825,2081.97,563.738,1.71,1610,Gutschweißung,2900.0
826,2109.13,550.066,1.71,1610,Gutschweißung,2900.0
827,2118.9,544.206,1.71,1610,Gutschweißung,2900.0
828,2118.9,550.066,1.71,1610,Gutschweißung,2900.0
829,2096.62,577.654,1.71,1610,Gutschweißung,2900.0
830,2054.81,552.019,1.71,1610,Gutschweißung,2900.0
831,2032.53,555.925,1.71,1610,Gutschweißung,2900.0
832,2064.58,571.795,1.71,1610,Gutschweißung,2900.0
833,2091.74,555.925,1.71,1610,Gutschweißung,2900.0
834,2103.95,550.066,1.71,1610,Gutschweißung,2900.0
835,2106.39,552.019,1.71,1610,Gutschweißung,2900.0
836,2084.41,569.842,1.71,1610,Gutschweißung,2900.0
837,2052.06,563.738,1.72,1610,Gutschweißung,2900.0
838,2057.25,575.701,1.72,1610,Gutschweißung,2900.0
839,2106.39,530.29,1.72,1610,Gutschweißung,2900.0
840,2131.11,559.832,1.72,1610,Gutschweißung,2900.0
841,2143.62,563.738,1.72,1610,Gutschweißung,2900.0
842,2136.3,540.056,1.72,1610,Gutschweißung,2900.0
843,2106.39,557.878,1.72,1610,Gutschweißung,2900.0
844,2074.34,565.935,1.72,1610,Gutschweißung,2900.0
845,2079.23,565.935,1.72,1610,Gutschweißung,2900.0
846,2103.95,546.159,1.72,1610,Gutschweißung,2900.0
847,2111.58,546.159,1.72,1610,Gutschweißung,2900.0
848,2114.02,546.159,1.72,1610,Gutschweißung,2900.0
849,2094.18,579.608,1.72,1610,Gutschweißung,2900.0
850,2052.06,552.019,1.73,1610,Gutschweißung,2900.0
851,2027.65,552.019,1.73,1610,Gutschweißung,2900.0
852,2062.14,577.654,1.73,1610,Gutschweißung,2900.0
853,2089.3,555.925,1.73,1610,Gutschweißung,2900.0
854,2101.5,544.206,1.73,1610,Gutschweißung,2900.0
855,2103.95,552.019,1.73,1610,Gutschweißung,2900.0
856,2081.97,563.738,1.73,1610,Gutschweißung,2900.0
857,2054.81,569.842,1.73,1610,Gutschweißung,2900.0
858,2057.25,567.888,1.73,1610,Gutschweißung,2900.0
859,2106.39,538.102,1.73,1610,Gutschweißung,2900.0
860,2133.55,565.935,1.73,1610,Gutschweißung,2900.0
861,2143.62,561.785,1.73,1610,Gutschweißung,2900.0
862,2138.74,544.206,1.73,1610,Gutschweißung,2900.0
863,2109.13,555.925,1.73,1610,Gutschweißung,2900.0
864,2076.78,553.972,1.74,1610,Gutschweißung,2900.0
865,2081.97,571.795,1.74,1610,Gutschweißung,2900.0
866,2106.39,538.102,1.74,1610,Gutschweißung,2900.0
867,2118.9,553.972,1.74,1610,Gutschweißung,2900.0
868,2118.9,534.196,1.74,1610,Gutschweißung,2900.0
869,2094.18,587.42,1.74,1610,Gutschweißung,2900.0
870,2054.81,559.832,1.74,1610,Gutschweißung,2900.0
871,2027.65,544.206,1.74,1610,Gutschweißung,2900.0
872,2062.14,579.608,1.74,1610,Gutschweißung,2900.0
873,2091.74,557.878,1.74,1610,Gutschweißung,2900.0
874,2103.95,555.925,1.74,1610,Gutschweißung,2900.0
875,2103.95,546.159,1.74,1610,Gutschweißung,2900.0
876,2084.41,573.748,1.74,1610,Gutschweißung,2900.0
877,2054.81,557.878,1.75,1610,Gutschweißung,2900.0
878,2059.69,581.561,1.75,1610,Gutschweißung,2900.0
879,2109.13,530.29,1.75,1610,Gutschweißung,2900.0
880,2133.55,555.925,1.75,1610,Gutschweißung,2900.0
881,2146.06,571.795,1.75,1610,Gutschweißung,2900.0
882,2141.18,538.102,1.75,1610,Gutschweißung,2900.0
883,2111.58,559.832,1.75,1610,Gutschweißung,2900.0
884,2079.23,559.832,1.75,1610,Gutschweißung,2900.0
885,2084.41,565.935,1.75,1610,Gutschweißung,2900.0
886,2106.39,544.206,1.75,1610,Gutschweißung,2900.0
887,2118.9,553.972,1.75,1610,Gutschweißung,2900.0
888,2116.46,540.056,1.75,1610,Gutschweißung,2900.0
889,2091.74,585.467,1.75,1610,Gutschweißung,2900.0
890,2052.06,555.925,1.75,1610,Gutschweißung,2900.0
891,2030.09,544.206,1.76,1610,Gutschweißung,2900.0
892,2062.14,583.514,1.76,1610,Gutschweißung,2900.0
893,2089.3,553.972,1.76,1610,Gutschweißung,2900.0
894,2103.95,550.066,1.76,1610,Gutschweißung,2900.0
895,2103.95,550.066,1.76,1610,Gutschweißung,2900.0
896,2084.41,567.888,1.76,1610,Gutschweißung,2900.0
897,2052.06,563.738,1.76,1610,Gutschweißung,2900.0
898,2057.25,575.701,1.76,1610,Gutschweißung,2900.0
899,2103.95,530.29,1.76,1610,Gutschweißung,2900.0
900,2133.55,557.878,1.76,1610,Gutschweißung,2900.0
901,2146.06,565.935,1.76,1610,Gutschweißung,2900.0
902,2138.74,536.149,1.76,1610,Gutschweißung,2900.0
903,2109.13,557.878,1.76,1610,Gutschweißung,2900.0
904,2076.78,561.785,1.77,1610,Gutschweißung,2900.0
905,2084.41,567.888,1.77,1610,Gutschweißung,2900.0
906,2111.58,544.206,1.77,1610,Gutschweißung,2900.0
907,2118.9,548.112,1.77,1610,Gutschweißung,2900.0
908,2118.9,544.206,1.77,1610,Gutschweißung,2900.0
909,2096.62,583.514,1.77,1610,Gutschweißung,2900.0
910,2057.25,548.112,1.77,1610,Gutschweißung,2900.0
911,2032.53,552.019,1.77,1610,Gutschweißung,2900.0
912,2064.58,575.701,1.77,1610,Gutschweißung,2900.0
913,2094.18,555.925,1.77,1610,Gutschweißung,2900.0
914,2106.39,546.159,1.77,1610,Gutschweißung,2900.0
915,2106.39,550.066,1.77,1610,Gutschweißung,2900.0
916,2084.41,563.738,1.78,1610,Gutschweißung,2900.0
917,2057.25,567.888,1.78,1610,Gutschweißung,2900.0
918,2062.14,567.888,1.78,1610,Gutschweißung,2900.0
919,2114.02,536.149,1.78,1610,Gutschweißung,2900.0
920,2133.55,563.738,1.78,1610,Gutschweißung,2900.0
921,2146.06,559.832,1.78,1610,Gutschweißung,2900.0
922,2143.62,546.159,1.78,1610,Gutschweißung,2900.0
923,2111.58,559.832,1.78,1610,Gutschweißung,2900.0
924,2079.23,553.972,1.78,1610,Gutschweißung,2900.0
925,2086.86,569.842,1.78,1610,Gutschweißung,2900.0
926,2111.58,534.196,1.78,1610,Gutschweißung,2900.0
927,2121.34,555.925,1.78,1610,Gutschweißung,2900.0
928,2123.78,530.29,1.78,1610,Gutschweißung,2900.0
929,2096.62,585.467,1.79,1610,Gutschweißung,2900.0
930,2057.25,561.785,1.79,1610,Gutschweißung,2900.0
931,2032.53,542.009,1.79,1610,Gutschweißung,2900.0
932,2069.46,575.701,1.79,1610,Gutschweißung,2900.0
933,2096.62,555.925,1.79,1610,Gutschweißung,2900.0
934,2106.39,555.925,1.79,1610,Gutschweißung,2900.0
935,2106.39,546.159,1.79,1610,Gutschweißung,2900.0
936,2086.86,573.748,1.79,1610,Gutschweißung,2900.0
937,2057.25,557.878,1.79,1610,Gutschweißung,2900.0
938,2064.58,581.561,1.79,1610,Gutschweißung,2900.0
939,2111.58,530.29,1.79,1610,Gutschweißung,2900.0
940,2138.74,555.925,1.79,1610,Gutschweißung,2900.0
941,2148.5,569.842,1.79,1610,Gutschweißung,2900.0
942,2141.18,536.149,1.8,1610,Gutschweißung,2900.0
943,2111.58,555.925,1.8,1610,Gutschweißung,2900.0
944,2076.78,557.878,1.8,1610,Gutschweißung,2900.0
945,2084.41,567.888,1.8,1610,Gutschweißung,2900.0
946,2114.02,540.056,1.8,1610,Gutschweißung,2900.0
947,2121.34,553.972,1.8,1610,Gutschweißung,2900.0
948,2121.34,536.149,1.8,1610,Gutschweißung,2900.0
949,2096.62,585.467,1.8,1610,Gutschweißung,2900.0
950,2054.81,553.972,1.8,1610,Gutschweißung,2900.0
951,2032.53,546.159,1.8,1610,Gutschweißung,2900.0
952,2071.9,579.608,1.8,1610,Gutschweißung,2900.0
953,2096.62,555.925,1.8,1610,Gutschweißung,2900.0
954,2109.13,548.112,1.8,1610,Gutschweißung,2900.0
955,2109.13,548.112,1.8,1610,Gutschweißung,2900.0
956,2091.74,567.888,1.81,1610,Gutschweißung,2900.0
957,2059.69,559.832,1.81,1610,Gutschweißung,2900.0
958,2067.02,575.701,1.81,1610,Gutschweißung,2900.0
959,2114.02,530.29,1.81,1610,Gutschweißung,2900.0
960,2136.3,557.878,1.81,1610,Gutschweißung,2900.0
961,2150.94,563.738,1.81,1610,Gutschweißung,2900.0
962,2143.62,536.149,1.81,1610,Gutschweißung,2900.0
963,2111.58,557.878,1.81,1610,Gutschweißung,2900.0
964,2079.23,563.738,1.81,1610,Gutschweißung,2900.0
965,2086.86,563.738,1.81,1610,Gutschweißung,2900.0
966,2116.46,544.206,1.81,1610,Gutschweißung,2900.0
967,2123.78,546.159,1.81,1610,Gutschweißung,2900.0
968,2121.34,544.206,1.81,1610,Gutschweißung,2900.0
969,2099.06,581.561,1.82,1610,Gutschweißung,2900.0
970,2057.25,552.019,1.82,1610,Gutschweißung,2900.0
971,2037.42,552.019,1.82,1610,Gutschweißung,2900.0
972,2071.9,577.654,1.82,1610,Gutschweißung,2900.0
973,2099.06,557.878,1.82,1610,Gutschweißung,2900.0
974,2109.13,544.206,1.82,1610,Gutschweißung,2900.0
975,2111.58,550.066,1.82,1610,Gutschweißung,2900.0
976,2089.3,563.738,1.82,1610,Gutschweißung,2900.0
977,2062.14,567.888,1.82,1610,Gutschweißung,2900.0
978,2067.02,569.842,1.82,1610,Gutschweißung,2900.0
979,2118.9,536.149,1.82,1610,Gutschweißung,2900.0
980,2138.74,561.785,1.82,1610,Gutschweißung,2900.0
981,2150.94,557.878,1.82,1610,Gutschweißung,2900.0
982,2146.06,542.009,1.83,1610,Gutschweißung,2900.0
983,2114.02,555.925,1.83,1610,Gutschweißung,2900.0
984,2081.97,561.785,1.83,1610,Gutschweißung,2900.0
985,2091.74,567.888,1.83,1610,Gutschweißung,2900.0
986,2116.46,544.206,1.83,1610,Gutschweißung,2900.0
987,2128.67,552.019,1.83,1610,Gutschweißung,2900.0
988,2126.22,540.056,1.83,1610,Gutschweißung,2900.0
989,2099.06,583.514,1.83,1610,Gutschweißung,2900.0
990,2059.69,555.925,1.83,1610,Gutschweißung,2900.0
991,2037.42,548.112,1.83,1610,Gutschweißung,2900.0
992,2074.34,579.608,1.83,1610,Gutschweißung,2900.0
993,2101.5,555.925,1.83,1610,Gutschweißung,2900.0
994,2109.13,550.066,1.83,1610,Gutschweißung,2900.0
995,2109.13,548.112,1.84,1610,Gutschweißung,2900.0
996,2086.86,565.935,1.84,1610,Gutschweißung,2900.0
997,2057.25,563.738,1.84,1610,Gutschweißung,2900.0
998,2069.46,571.795,1.84,1610,Gutschweißung,2900.0
999,2118.9,530.29,1.84,1610,Gutschweißung,2900.0
1000,2143.62,561.785,1.84,1610,Gutschweißung,2900.0
1001,2155.83,561.785,1.84,1610,Gutschweißung,2900.0
1002,2148.5,540.056,1.84,1610,Gutschweißung,2900.0
1003,2114.02,555.925,1.84,1610,Gutschweißung,2900.0
1004,2084.41,565.935,1.84,1610,Gutschweißung,2900.0
1005,2091.74,563.738,1.84,1610,Gutschweißung,2900.0
1006,2118.9,546.159,1.84,1610,Gutschweißung,2900.0
1007,2126.22,546.159,1.84,1610,Gutschweißung,2900.0
1008,2126.22,546.159,1.85,1610,Gutschweißung,2900.0
1009,2099.06,579.608,1.85,1610,Gutschweißung,2900.0
1010,2057.25,552.019,1.85,1610,Gutschweißung,2900.0
1011,2039.86,550.066,1.85,1610,Gutschweißung,2900.0
1012,2074.34,571.795,1.85,1610,Gutschweißung,2900.0
1013,2103.95,555.925,1.85,1610,Gutschweißung,2900.0
1014,2114.02,555.925,1.85,1610,Gutschweißung,2900.0
1015,2114.02,542.009,1.85,1610,Gutschweißung,2900.0
1016,2091.74,579.608,1.85,1610,Gutschweißung,2900.0
1017,2064.58,555.925,1.85,1610,Gutschweißung,2900.0
1018,2069.46,581.561,1.85,1610,Gutschweißung,2900.0
1019,2114.02,532.243,1.85,1610,Gutschweißung,2900.0
1020,2138.74,555.925,1.85,1610,Gutschweißung,2900.0
1021,2150.94,571.795,1.86,1610,Gutschweißung,2900.0
1022,2141.18,538.102,1.86,1610,Gutschweißung,2900.0
1023,2111.58,555.925,1.86,1610,Gutschweißung,2900.0
1024,2079.23,555.925,1.86,1610,Gutschweißung,2900.0
1025,2091.74,569.842,1.86,1610,Gutschweißung,2900.0
1026,2116.46,536.149,1.86,1610,Gutschweißung,2900.0
1027,2126.22,555.925,1.86,1610,Gutschweißung,2900.0
1028,2126.22,532.243,1.86,1610,Gutschweißung,2900.0
1029,2101.5,587.42,1.86,1610,Gutschweißung,2900.0
1030,2062.14,557.878,1.86,1610,Gutschweißung,2900.0
1031,2042.3,544.206,1.86,1610,Gutschweißung,2900.0
1032,2079.23,577.654,1.86,1610,Gutschweißung,2900.0
1033,2106.39,555.925,1.86,1610,Gutschweißung,2900.0
1034,2118.9,555.925,1.87,1610,Gutschweißung,2900.0
1035,2114.02,544.206,1.87,1610,Gutschweißung,2900.0
1036,2094.18,571.795,1.87,1610,Gutschweißung,2900.0
1037,2064.58,557.878,1.87,1610,Gutschweißung,2900.0
1038,2074.34,577.654,1.87,1610,Gutschweißung,2900.0
1039,2123.78,528.336,1.87,1610,Gutschweißung,2900.0
1040,2148.5,555.925,1.87,1610,Gutschweißung,2900.0
1041,2160.71,567.888,1.87,1610,Gutschweißung,2900.0
1042,2150.94,532.243,1.87,1610,Gutschweißung,2900.0
1043,2121.34,555.925,1.87,1610,Gutschweißung,2900.0
1044,2086.86,559.832,1.87,1610,Gutschweißung,2900.0
1045,2099.06,567.888,1.87,1610,Gutschweißung,2900.0
1046,2123.78,542.009,1.87,1610,Gutschweißung,2900.0
1047,2131.11,550.066,1.87,1610,Gutschweißung,2900.0
1048,2126.22,540.056,1.88,1610,Gutschweißung,2900.0
1049,2101.5,585.467,1.88,1610,Gutschweißung,2900.0
1050,2062.14,555.925,1.88,1610,Gutschweißung,2900.0
1051,2039.86,548.112,1.88,1610,Gutschweißung,2900.0
1052,2079.23,579.608,1.88,1610,Gutschweißung,2900.0
1053,2103.95,555.925,1.88,1610,Gutschweißung,2900.0
1054,2114.02,548.112,1.88,1610,Gutschweißung,2900.0
1055,2114.02,548.112,1.88,1610,Gutschweißung,2900.0
1056,2091.74,567.888,1.88,1610,Gutschweißung,2900.0
1057,2062.14,561.785,1.88,1610,Gutschweißung,2900.0
1058,2074.34,573.748,1.88,1610,Gutschweißung,2900.0
1059,2123.78,530.29,1.88,1610,Gutschweißung,2900.0
1060,2146.06,557.878,1.88,1610,Gutschweißung,2900.0
1061,2158.27,563.738,1.89,1610,Gutschweißung,2900.0
1062,2148.5,540.056,1.89,1610,Gutschweißung,2900.0
1063,2118.9,555.925,1.89,1610,Gutschweißung,2900.0
1064,2084.41,565.935,1.89,1610,Gutschweißung,2900.0
1065,2101.5,563.738,1.89,1610,Gutschweißung,2900.0
1066,2126.22,546.159,1.89,1610,Gutschweißung,2900.0
1067,2136.3,544.206,1.89,1610,Gutschweißung,2900.0
1068,2131.11,548.112,1.89,1610,Gutschweißung,2900.0
1069,2106.39,581.561,1.89,1610,Gutschweißung,2900.0
1070,2064.58,552.019,1.89,1610,Gutschweißung,2900.0
1071,2047.18,552.019,1.89,1610,Gutschweißung,2900.0
1072,2084.41,573.748,1.89,1610,Gutschweißung,2900.0
1073,2109.13,557.878,1.89,1610,Gutschweißung,2900.0
1074,2118.9,557.878,1.89,1610,Gutschweißung,2900.0
1075,2118.9,540.056,1.9,1610,Gutschweißung,2900.0
1076,2099.06,577.654,1.9,1610,Gutschweißung,2900.0
1077,2069.46,557.878,1.9,1610,Gutschweißung,2900.0
1078,2079.23,583.514,1.9,1610,Gutschweißung,2900.0
1079,2128.67,530.29,1.9,1610,Gutschweißung,2900.0
1080,2150.94,552.019,1.9,1610,Gutschweißung,2900.0
1081,2163.46,569.842,1.9,1610,Gutschweißung,2900.0
1082,2153.39,538.102,1.9,1610,Gutschweißung,2900.0
1083,2121.34,553.972,1.9,1610,Gutschweißung,2900.0
1084,2089.3,553.972,1.9,1610,Gutschweißung,2900.0
1085,2106.39,569.842,1.9,1610,Gutschweißung,2900.0
1086,2128.67,536.149,1.9,1610,Gutschweißung,2900.0
1087,2138.74,553.972,1.9,1610,Gutschweißung,2900.0
1088,2136.3,530.29,1.91,1610,Gutschweißung,2900.0
1089,2109.13,587.42,1.91,1610,Gutschweißung,2900.0
1090,2067.02,557.878,1.91,1610,Gutschweißung,2900.0
1091,2052.06,544.206,1.91,1610,Gutschweißung,2900.0
1092,2091.74,577.654,1.91,1610,Gutschweißung,2900.0
1093,2114.02,555.925,1.91,1610,Gutschweißung,2900.0
1094,2123.78,553.972,1.91,1610,Gutschweißung,2900.0
1095,2121.34,542.009,1.91,1610,Gutschweißung,2900.0
1096,2096.62,571.795,1.91,1610,Gutschweißung,2900.0
1097,2069.46,557.878,1.91,1610,Gutschweißung,2900.0
1098,2079.23,577.654,1.91,1610,Gutschweißung,2900.0
1099,2128.67,528.336,1.91,1610,Gutschweißung,2900.0
1100,2153.39,555.925,1.91,1610,Gutschweißung,2900.0
1101,2165.9,567.888,1.91,1610,Gutschweißung,2900.0
1102,2155.83,536.149,1.92,1610,Gutschweißung,2900.0
1103,2123.78,553.972,1.92,1610,Gutschweißung,2900.0
1104,2091.74,557.878,1.92,1610,Gutschweißung,2900.0
1105,2103.95,567.888,1.92,1610,Gutschweißung,2900.0
1106,2128.67,540.056,1.92,1610,Gutschweißung,2900.0
1107,2136.3,552.019,1.92,1610,Gutschweißung,2900.0
1108,2136.3,538.102,1.92,1610,Gutschweißung,2900.0
1109,2103.95,581.561,1.92,1610,Gutschweißung,2900.0
1110,2064.58,555.925,1.92,1610,Gutschweißung,2900.0
1111,2047.18,546.159,1.92,1610,Gutschweißung,2900.0
1112,2091.74,581.561,1.92,1610,Gutschweißung,2900.0
1113,2116.46,553.972,1.92,1610,Gutschweißung,2900.0
1114,2126.22,548.112,1.92,1610,Gutschweißung,2900.0
1115,2126.22,548.112,1.93,1610,Gutschweißung,2900.0
1116,2101.5,565.935,1.93,1610,Gutschweißung,2900.0
1117,2074.34,561.785,1.93,1610,Gutschweißung,2900.0
1118,2089.3,573.748,1.93,1610,Gutschweißung,2900.0
1119,2128.67,530.29,1.93,1610,Gutschweißung,2900.0
1120,2155.83,557.878,1.93,1610,Gutschweißung,2900.0
1121,2165.9,561.785,1.93,1610,Gutschweißung,2900.0
1122,2163.46,536.149,1.93,1610,Gutschweißung,2900.0
1123,2136.3,553.972,1.93,1610,Gutschweißung,2900.0
1124,2101.5,563.738,1.93,1610,Gutschweißung,2900.0
1125,2101.5,563.738,1.93,1610,Gutschweißung,2900.0
1126,2128.67,544.206,1.93,1610,Gutschweißung,2900.0
1127,2138.74,546.159,1.93,1610,Gutschweißung,2900.0
1128,2141.18,544.206,1.94,1610,Gutschweißung,2900.0
1129,2118.9,577.654,1.94,1610,Gutschweißung,2900.0
1130,2076.78,552.019,1.94,1610,Gutschweißung,2900.0
1131,2049.62,552.019,1.94,1610,Gutschweißung,2900.0
1132,2081.97,575.701,1.94,1610,Gutschweißung,2900.0
1133,2111.58,555.925,1.94,1610,Gutschweißung,2900.0
1134,2123.78,552.019,1.94,1610,Gutschweißung,2900.0
1135,2126.22,544.206,1.94,1610,Gutschweißung,2900.0
1136,2103.95,567.888,1.94,1610,Gutschweißung,2900.0
1137,2076.78,557.878,1.94,1610,Gutschweißung,2900.0
1138,2074.34,575.701,1.94,1610,Gutschweißung,2900.0
1139,2126.22,526.383,1.94,1610,Gutschweißung,2900.0
1140,2153.39,555.925,1.95,1610,Gutschweißung,2900.0
1141,2165.9,561.785,1.95,1610,Gutschweißung,2900.0
1142,2160.71,536.149,1.95,1610,Gutschweißung,2900.0
1143,2133.55,555.925,1.95,1610,Gutschweißung,2900.0
1144,2099.06,557.878,1.95,1610,Gutschweißung,2900.0
1145,2101.5,563.738,1.95,1610,Gutschweißung,2900.0
1146,2128.67,542.009,1.95,1610,Gutschweißung,2900.0
1147,2141.18,548.112,1.95,1610,Gutschweißung,2900.0
1148,2138.74,542.009,1.95,1610,Gutschweißung,2900.0
1149,2121.34,581.561,1.95,1610,Gutschweißung,2900.0
1150,2079.23,553.972,1.95,1610,Gutschweißung,2900.0
1151,2052.06,552.019,1.95,1610,Gutschweißung,2900.0
1152,2086.86,579.608,1.95,1610,Gutschweißung,2900.0
1153,2114.02,553.972,1.96,1610,Gutschweißung,2900.0
1154,2131.11,542.009,1.96,1610,Gutschweißung,2900.0
1155,2131.11,550.066,1.96,1610,Gutschweißung,2900.0
1156,2111.58,563.738,1.96,1610,Gutschweißung,2900.0
1157,2079.23,563.738,1.96,1610,Gutschweißung,2900.0
1158,2079.23,567.888,1.96,1610,Gutschweißung,2900.0
1159,2131.11,530.29,1.96,1610,Gutschweißung,2900.0
1160,2158.27,559.832,1.96,1610,Gutschweißung,2900.0
1161,2173.22,559.832,1.96,1610,Gutschweißung,2900.0
1162,2168.34,538.102,1.96,1610,Gutschweißung,2900.0
1163,2138.74,553.972,1.96,1610,Gutschweißung,2900.0
1164,2101.5,552.019,1.96,1610,Gutschweißung,2900.0
1165,2106.39,569.842,1.97,1610,Gutschweißung,2900.0
1166,2138.74,532.243,1.97,1610,Gutschweißung,2900.0
1167,2146.06,552.019,1.97,1610,Gutschweißung,2900.0
1168,2146.06,530.29,1.97,1610,Gutschweißung,2900.0
1169,2121.34,583.514,1.97,1610,Gutschweißung,2900.0
1170,2081.97,557.878,1.97,1610,Gutschweißung,2900.0
1171,2054.81,540.056,1.97,1610,Gutschweißung,2900.0
1172,2089.3,571.795,1.97,1610,Gutschweißung,2900.0
1173,2118.9,557.878,1.97,1610,Gutschweißung,2900.0
1174,2131.11,555.925,1.97,1610,Gutschweißung,2900.0
1175,2131.11,542.009,1.97,1610,Gutschweißung,2900.0
1176,2111.58,575.701,1.97,1610,Gutschweißung,2900.0
1177,2084.41,557.878,1.97,1610,Gutschweißung,2900.0
1178,2084.41,581.561,1.98,1610,Gutschweißung,2900.0
1179,2133.55,528.336,1.98,1610,Gutschweißung,2900.0
1180,2160.71,550.066,1.98,1610,Gutschweißung,2900.0
1181,2173.22,569.842,1.98,1610,Gutschweißung,2900.0
1182,2165.9,536.149,1.98,1610,Gutschweißung,2900.0
1183,2138.74,555.925,1.98,1610,Gutschweißung,2900.0
1184,2103.95,552.019,1.98,1610,Gutschweißung,2900.0
1185,2106.39,567.888,1.98,1610,Gutschweißung,2900.0
1186,2133.55,536.149,1.98,1610,Gutschweißung,2900.0
1187,2146.06,553.972,1.98,1610,Gutschweißung,2900.0
1188,2143.62,534.196,1.98,1610,Gutschweißung,2900.0
1189,2123.78,585.467,1.98,1610,Gutschweißung,2900.0
1190,2084.41,555.925,1.99,1610,Gutschweißung,2900.0
1191,2057.25,544.206,1.99,1610,Gutschweißung,2900.0
1192,2091.74,579.608,1.99,1610,Gutschweißung,2900.0
1193,2121.34,553.972,1.99,1610,Gutschweißung,2900.0
1194,2136.3,552.019,1.99,1610,Gutschweißung,2900.0
1195,2136.3,544.206,1.99,1610,Gutschweißung,2900.0
1196,2116.46,567.888,1.99,1610,Gutschweißung,2900.0
1197,2086.86,557.878,1.99,1610,Gutschweißung,2900.0
1198,2089.3,577.654,1.99,1610,Gutschweißung,2900.0
1199,2141.18,528.336,1.99,1610,Gutschweißung,2900.0
1200,2165.9,555.925,1.99,1610,Gutschweißung,2900.0
1201,2180.55,565.935,1.99,1610,Gutschweißung,2900.0
1202,2173.22,536.149,1.99,1610,Gutschweißung,2900.0
1203,2143.62,555.925,2.0,1610,Gutschweißung,2900.0
1204,2111.58,557.878,2.0,1610,Gutschweißung,2900.0
1205,2114.02,565.935,2.0,1610,Gutschweißung,2900.0
1206,2143.62,538.102,2.0,1610,Gutschweißung,2900.0
1207,2150.94,548.112,2.0,1610,Gutschweißung,2900.0
1208,2150.94,538.102,2.0,1610,Gutschweißung,2900.0
1209,2128.67,583.514,2.0,1610,Gutschweißung,2900.0
1210,2084.41,553.972,2.0,1610,Gutschweißung,2900.0
1211,2059.69,546.159,2.0,1610,Gutschweißung,2900.0
1212,2094.18,577.654,2.0,1610,Gutschweißung,2900.0
1213,2121.34,553.972,2.0,1610,Gutschweißung,2900.0
1214,2136.3,546.159,2.0,1610,Gutschweißung,2900.0
1215,2136.3,548.112,2.01,1610,Gutschweißung,2900.0
1216,2116.46,565.935,2.01,1610,Gutschweißung,2900.0
1217,2084.41,561.785,2.01,1610,Gutschweißung,2900.0
1218,2089.3,571.795,2.01,1610,Gutschweißung,2900.0
1219,2138.74,530.29,2.01,1610,Gutschweißung,2900.0
1220,2165.9,557.878,2.01,1610,Gutschweißung,2900.0
1221,2178.11,561.785,2.01,1610,Gutschweißung,2900.0
1222,2173.22,538.102,2.01,1610,Gutschweißung,2900.0
1223,2143.62,555.925,2.01,1610,Gutschweißung,2900.0
1224,2109.13,550.066,2.01,1610,Gutschweißung,2900.0
1225,2116.46,569.842,2.01,1610,Gutschweißung,2900.0
1226,2143.62,534.196,2.01,1610,Gutschweißung,2900.0
1227,2153.39,553.972,2.02,1610,Gutschweißung,2900.0
1228,2155.83,530.29,2.02,1610,Gutschweißung,2900.0
1229,2131.11,581.561,2.02,1610,Gutschweißung,2900.0
1230,2086.86,557.878,2.02,1610,Gutschweißung,2900.0
1231,2064.58,538.102,2.02,1610,Gutschweißung,2900.0
1232,2101.5,571.795,2.02,1610,Gutschweißung,2900.0
1233,2128.67,557.878,2.02,1610,Gutschweißung,2900.0
1234,2141.18,553.972,2.02,1610,Gutschweißung,2900.0
1235,2141.18,538.102,2.02,1610,Gutschweißung,2900.0
1236,2123.78,573.748,2.02,1610,Gutschweißung,2900.0
1237,2091.74,555.925,2.02,1610,Gutschweißung,2900.0
1238,2096.62,585.467,2.02,1610,Gutschweißung,2900.0
1239,2143.62,530.29,2.03,1610,Gutschweißung,2900.0
1240,2173.22,550.066,2.03,1610,Gutschweißung,2900.0
1241,2182.99,569.842,2.03,1610,Gutschweißung,2900.0
1242,2178.11,538.102,2.03,1610,Gutschweißung,2900.0
1243,2146.06,553.972,2.03,1610,Gutschweißung,2900.0
1244,2114.02,553.972,2.03,1610,Gutschweißung,2900.0
1245,2121.34,567.888,2.03,1610,Gutschweißung,2900.0
1246,2146.06,532.243,2.03,1610,Gutschweißung,2900.0
1247,2155.83,552.019,2.03,1610,Gutschweißung,2900.0
1248,2155.83,532.243,2.03,1610,Gutschweißung,2900.0
1249,2133.55,585.467,2.03,1610,Gutschweißung,2900.0
1250,2089.3,555.925,2.03,1610,Gutschweißung,2900.0
1251,2069.46,544.206,2.04,1610,Gutschweißung,2900.0
1252,2101.5,575.701,2.04,1610,Gutschweißung,2900.0
1253,2133.55,553.972,2.04,1610,Gutschweißung,2900.0
1254,2143.62,552.019,2.04,1610,Gutschweißung,2900.0
1255,2146.06,542.009,2.04,1610,Gutschweißung,2900.0
1256,2123.78,567.888,2.04,1610,Gutschweißung,2900.0
1257,2094.18,555.925,2.04,1610,Gutschweißung,2900.0
1258,2099.06,575.701,2.04,1610,Gutschweißung,2900.0
1259,2150.94,524.43,2.04,1610,Gutschweißung,2900.0
1260,2175.66,553.972,2.04,1610,Gutschweißung,2900.0
1261,2187.87,563.738,2.04,1610,Gutschweißung,2900.0
1262,2180.55,534.196,2.04,1610,Gutschweißung,2900.0
1263,2150.94,555.925,2.05,1610,Gutschweißung,2900.0
1264,2116.46,555.925,2.05,1610,Gutschweißung,2900.0
1265,2123.78,567.888,2.05,1610,Gutschweißung,2900.0
1266,2150.94,540.056,2.05,1610,Gutschweißung,2900.0
1267,2160.71,548.112,2.05,1610,Gutschweißung,2900.0
1268,2160.71,538.102,2.05,1610,Gutschweißung,2900.0
1269,2136.3,581.561,2.05,1610,Gutschweißung,2900.0
1270,2094.18,553.972,2.05,1610,Gutschweißung,2900.0
1271,2067.02,550.066,2.05,1610,Gutschweißung,2900.0
1272,2109.13,579.608,2.05,1610,Gutschweißung,2900.0
1273,2133.55,550.066,2.05,1610,Gutschweißung,2900.0
1274,2146.06,544.206,2.05,1610,Gutschweißung,2900.0
1275,2146.06,548.112,2.06,1610,Gutschweißung,2900.0
1276,2126.22,565.935,2.06,1610,Gutschweißung,2900.0
1277,2096.62,561.785,2.06,1610,Gutschweißung,2900.0
1278,2099.06,569.842,2.06,1610,Gutschweißung,2900.0
1279,2150.94,530.29,2.06,1610,Gutschweißung,2900.0
1280,2178.11,555.925,2.06,1610,Gutschweißung,2900.0
1281,2190.62,561.785,2.06,1610,Gutschweißung,2900.0
1282,2180.55,538.102,2.06,1610,Gutschweißung,2900.0
1283,2153.39,553.972,2.06,1610,Gutschweißung,2900.0
1284,2118.9,553.972,2.06,1610,Gutschweißung,2900.0
1285,2126.22,569.842,2.06,1610,Gutschweißung,2900.0
1286,2155.83,538.102,2.07,1610,Gutschweißung,2900.0
1287,2165.9,552.019,2.07,1610,Gutschweißung,2900.0
1288,2165.9,534.196,2.07,1610,Gutschweißung,2900.0
1289,2143.62,581.561,2.07,1610,Gutschweißung,2900.0
1290,2099.06,553.972,2.07,1610,Gutschweißung,2900.0
1291,2076.78,542.009,2.07,1610,Gutschweißung,2900.0
1292,2111.58,577.654,2.07,1610,Gutschweißung,2900.0
1293,2141.18,553.972,2.07,1610,Gutschweißung,2900.0
1294,2150.94,548.112,2.07,1610,Gutschweißung,2900.0
1295,2150.94,544.206,2.07,1610,Gutschweißung,2900.0
1296,2128.67,567.888,2.07,1610,Gutschweißung,2900.0
1297,2099.06,557.878,2.07,1610,Gutschweißung,2900.0
1298,2103.95,573.748,2.08,1610,Gutschweißung,2900.0
1299,2155.83,526.383,2.08,1610,Gutschweißung,2900.0
1300,2178.11,555.925,2.08,1610,Gutschweißung,2900.0
1301,2190.62,563.738,2.08,1610,Gutschweißung,2900.0
1302,2187.87,534.196,2.08,1610,Gutschweißung,2900.0
1303,2153.39,555.925,2.08,1610,Gutschweißung,2900.0
1304,2118.9,559.832,2.08,1610,Gutschweißung,2900.0
1305,2131.11,563.738,2.08,1610,Gutschweißung,2900.0
1306,2155.83,542.009,2.08,1610,Gutschweißung,2900.0
1307,2163.46,546.159,2.08,1610,Gutschweißung,2900.0
1308,2163.46,540.056,2.08,1610,Gutschweißung,2900.0
1309,2138.74,579.608,2.08,1610,Gutschweißung,2900.0
1310,2094.18,550.066,2.09,1610,Gutschweißung,2900.0
1311,2074.34,548.112,2.09,1610,Gutschweißung,2900.0
1312,2114.02,577.654,2.09,1610,Gutschweißung,2900.0
1313,2141.18,555.925,2.09,1610,Gutschweißung,2900.0
1314,2150.94,555.925,2.09,1610,Gutschweißung,2900.0
1315,2150.94,534.196,2.09,1610,Gutschweißung,2900.0
1316,2128.67,575.701,2.09,1610,Gutschweißung,2900.0
1317,2099.06,555.925,2.09,1610,Gutschweißung,2900.0
1318,2109.13,581.561,2.09,1610,Gutschweißung,2900.0
1319,2158.27,536.149,2.09,1610,Gutschweißung,2900.0
1320,2182.99,548.112,2.09,1610,Gutschweißung,2900.0
1321,2195.5,569.842,2.1,1610,Gutschweißung,2900.0
1322,2190.62,540.056,2.1,1610,Gutschweißung,2900.0
1323,2158.27,552.019,2.1,1610,Gutschweißung,2900.0
1324,2123.78,550.066,2.1,1610,Gutschweißung,2900.0
1325,2133.55,567.888,2.1,1610,Gutschweißung,2900.0
1326,2160.71,534.196,2.1,1610,Gutschweißung,2900.0
1327,2173.22,553.972,2.1,1610,Gutschweißung,2900.0
1328,2170.78,526.383,2.1,1610,Gutschweißung,2900.0
1329,2143.62,581.561,2.1,1610,Gutschweißung,2900.0
1330,2103.95,557.878,2.1,1610,Gutschweißung,2900.0
1331,2081.97,540.056,2.1,1610,Gutschweißung,2900.0
1332,2121.34,573.748,2.1,1610,Gutschweißung,2900.0
1333,2148.5,552.019,2.11,1610,Gutschweißung,2900.0
1334,2160.71,555.925,2.11,1610,Gutschweißung,2900.0
1335,2160.71,540.056,2.11,1610,Gutschweißung,2900.0
1336,2138.74,571.795,2.11,1610,Gutschweißung,2900.0
1337,2106.39,553.972,2.11,1610,Gutschweißung,2900.0
1338,2114.02,579.608,2.11,1610,Gutschweißung,2900.0
1339,2163.46,526.383,2.11,1610,Gutschweißung,2900.0
1340,2187.87,550.066,2.11,1610,Gutschweißung,2900.0
1341,2200.38,567.888,2.11,1610,Gutschweißung,2900.0
1342,2193.06,534.196,2.11,1610,Gutschweißung,2900.0
1343,2160.71,552.019,2.11,1610,Gutschweißung,2900.0
1344,2128.67,553.972,2.11,1610,Gutschweißung,2900.0
1345,2141.18,565.935,2.12,1610,Gutschweißung,2900.0
1346,2165.9,536.149,2.12,1610,Gutschweißung,2900.0
1347,2175.66,550.066,2.12,1610,Gutschweißung,2900.0
1348,2170.78,532.243,2.12,1610,Gutschweißung,2900.0
1349,2148.5,581.561,2.12,1610,Gutschweißung,2900.0
1350,2109.13,552.019,2.12,1610,Gutschweißung,2900.0
1351,2086.86,542.009,2.12,1610,Gutschweißung,2900.0
1352,2123.78,577.654,2.12,1610,Gutschweißung,2900.0
1353,2153.39,553.972,2.12,1610,Gutschweißung,2900.0
1354,2160.71,546.159,2.12,1610,Gutschweißung,2900.0
1355,2160.71,544.206,2.12,1610,Gutschweißung,2900.0
1356,2143.62,567.888,2.12,1610,Gutschweißung,2900.0
1357,2111.58,559.832,2.13,1610,Gutschweißung,2900.0
1358,2118.9,573.748,2.13,1610,Gutschweißung,2900.0
1359,2165.9,528.336,2.13,1610,Gutschweißung,2900.0
1360,2193.06,553.972,2.13,1610,Gutschweißung,2900.0
1361,2205.27,563.738,2.13,1610,Gutschweißung,2900.0
1362,2195.5,532.243,2.13,1610,Gutschweißung,2900.0
1363,2163.46,553.972,2.13,1610,Gutschweißung,2900.0
1364,2128.67,557.878,2.13,1610,Gutschweißung,2900.0
1365,2141.18,563.738,2.13,1610,Gutschweißung,2900.0
1366,2165.9,542.009,2.13,1610,Gutschweißung,2900.0
1367,2175.66,546.159,2.13,1610,Gutschweißung,2900.0
1368,2175.66,540.056,2.14,1610,Gutschweißung,2900.0
1369,2150.94,581.561,2.14,1610,Gutschweißung,2900.0
1370,2106.39,550.066,2.14,1610,Gutschweißung,2900.0
1371,2086.86,548.112,2.14,1610,Gutschweißung,2900.0
1372,2126.22,577.654,2.14,1610,Gutschweißung,2900.0
1373,2153.39,555.925,2.14,1610,Gutschweißung,2900.0
1374,2163.46,555.925,2.14,1610,Gutschweißung,2900.0
1375,2160.71,536.149,2.14,1610,Gutschweißung,2900.0
1376,2141.18,577.654,2.14,1610,Gutschweißung,2900.0
1377,2109.13,553.972,2.14,1610,Gutschweißung,2900.0
1378,2118.9,583.514,2.14,1610,Gutschweißung,2900.0
1379,2173.22,538.102,2.15,1610,Gutschweißung,2900.0
1380,2195.5,548.112,2.15,1610,Gutschweißung,2900.0
1381,2207.71,569.842,2.15,1610,Gutschweißung,2900.0
1382,2200.38,540.056,2.15,1610,Gutschweißung,2900.0
1383,2182.99,552.019,2.15,1610,Gutschweißung,2900.0
1384,2148.5,550.066,2.15,1610,Gutschweißung,2900.0
1385,2138.74,567.888,2.15,1610,Gutschweißung,2900.0
1386,2168.34,532.243,2.15,1610,Gutschweißung,2900.0
1387,2180.55,550.066,2.15,1610,Gutschweißung,2900.0
1388,2182.99,530.29,2.15,1610,Gutschweißung,2900.0
1389,2168.34,579.608,2.15,1610,Gutschweißung,2900.0
1390,2131.11,555.925,2.15,1610,Gutschweißung,2900.0
1391,2091.74,538.102,2.16,1610,Gutschweißung,2900.0
1392,2114.02,573.748,2.16,1610,Gutschweißung,2900.0
1393,2153.39,552.019,2.16,1610,Gutschweißung,2900.0
1394,2168.34,552.019,2.16,1610,Gutschweißung,2900.0
1395,2175.66,540.056,2.16,1610,Gutschweißung,2900.0
1396,2163.46,571.795,2.16,1610,Gutschweißung,2900.0
1397,2128.67,552.019,2.16,1610,Gutschweißung,2900.0
1398,2114.02,577.654,2.16,1610,Gutschweißung,2900.0
1399,2158.27,526.383,2.16,1610,Gutschweißung,2900.0
1400,2193.06,550.066,2.16,1610,Gutschweißung,2900.0
1401,2207.71,565.935,2.16,1610,Gutschweißung,2900.0
1402,2210.15,532.243,2.17,1610,Gutschweißung,2900.0
1403,2182.99,552.019,2.17,1610,Gutschweißung,2900.0
1404,2148.5,552.019,2.17,1610,Gutschweißung,2900.0
1405,2138.74,565.935,2.17,1610,Gutschweißung,2900.0
1406,2170.78,538.102,2.17,1610,Gutschweißung,2900.0
1407,2182.99,548.112,2.17,1610,Gutschweißung,2900.0
1408,2187.87,530.29,2.17,1610,Gutschweißung,2900.0
1409,2173.22,583.514,2.17,1610,Gutschweißung,2900.0
1410,2131.11,555.925,2.17,1610,Gutschweißung,2900.0
1411,2099.06,542.009,2.17,1610,Gutschweißung,2900.0
1412,2118.9,577.654,2.17,1610,Gutschweißung,2900.0
1413,2153.39,552.019,2.17,1610,Gutschweißung,2900.0
1414,2170.78,548.112,2.18,1610,Gutschweißung,2900.0
1415,2178.11,540.056,2.18,1610,Gutschweißung,2900.0
1416,2163.46,565.935,2.18,1610,Gutschweißung,2900.0
1417,2131.11,555.925,2.18,1610,Gutschweißung,2900.0
1418,2118.9,573.748,2.18,1610,Gutschweißung,2900.0
1419,2160.71,526.383,2.18,1610,Gutschweißung,2900.0
1420,2197.94,552.019,2.18,1610,Gutschweißung,2900.0
1421,2215.03,563.738,2.18,1610,Gutschweißung,2900.0
1422,2215.03,530.29,2.18,1610,Gutschweißung,2900.0
1423,2190.62,552.019,2.18,1610,Gutschweißung,2900.0
1424,2158.27,559.832,2.18,1610,Gutschweißung,2900.0
1425,2143.62,563.738,2.18,1610,Gutschweißung,2900.0
1426,2173.22,540.056,2.19,1610,Gutschweißung,2900.0
1427,2190.62,544.206,2.19,1610,Gutschweißung,2900.0
1428,2190.62,536.149,2.19,1610,Gutschweißung,2900.0
1429,2178.11,577.654,2.19,1610,Gutschweißung,2900.0
1430,2136.3,548.112,2.19,1610,Gutschweißung,2900.0
1431,2099.06,546.159,2.19,1610,Gutschweißung,2900.0
1432,2121.34,573.748,2.19,1610,Gutschweißung,2900.0
1433,2158.27,552.019,2.19,1610,Gutschweißung,2900.0
1434,2175.66,550.066,2.19,1610,Gutschweißung,2900.0
1435,2178.11,540.056,2.19,1610,Gutschweißung,2900.0
1436,2165.9,569.842,2.19,1610,Gutschweißung,2900.0
1437,2133.55,553.972,2.2,1610,Gutschweißung,2900.0
1438,2121.34,575.701,2.2,1610,Gutschweißung,2900.0
1439,2165.9,524.43,2.2,1610,Gutschweißung,2900.0
1440,2200.38,550.066,2.2,1610,Gutschweißung,2900.0
1441,2217.78,563.738,2.2,1610,Gutschweißung,2900.0
1442,2217.78,530.29,2.2,1610,Gutschweißung,2900.0
1443,2190.62,552.019,2.2,1610,Gutschweißung,2900.0
1444,2155.83,553.972,2.2,1610,Gutschweißung,2900.0
1445,2146.06,563.738,2.2,1610,Gutschweißung,2900.0
1446,2175.66,538.102,2.2,1610,Gutschweißung,2900.0
1447,2190.62,548.112,2.2,1610,Gutschweißung,2900.0
1448,2193.06,534.196,2.21,1610,Gutschweißung,2900.0
1449,2178.11,579.608,2.21,1610,Gutschweißung,2900.0
1450,2136.3,550.066,2.21,1610,Gutschweißung,2900.0
1451,2101.5,542.009,2.21,1610,Gutschweißung,2900.0
1452,2123.78,579.608,2.21,1610,Gutschweißung,2900.0
1453,2163.46,550.066,2.21,1610,Gutschweißung,2900.0
1454,2180.55,544.206,2.21,1610,Gutschweißung,2900.0
1455,2182.99,544.206,2.21,1610,Gutschweißung,2900.0
1456,2168.34,563.738,2.21,1610,Gutschweißung,2900.0
1457,2141.18,559.832,2.21,1610,Gutschweißung,2900.0
1458,2126.22,569.842,2.21,1610,Gutschweißung,2900.0
1459,2173.22,526.383,2.21,1610,Gutschweißung,2900.0
1460,2210.15,553.972,2.22,1610,Gutschweißung,2900.0
1461,2222.66,559.832,2.22,1610,Gutschweißung,2900.0
1462,2225.1,534.196,2.22,1610,Gutschweißung,2900.0
1463,2197.94,552.019,2.22,1610,Gutschweißung,2900.0
1464,2163.46,548.112,2.22,1610,Gutschweißung,2900.0
1465,2155.83,567.888,2.22,1610,Gutschweißung,2900.0
1466,2185.43,530.29,2.22,1610,Gutschweißung,2900.0
1467,2200.38,552.019,2.22,1610,Gutschweißung,2900.0
1468,2200.38,524.43,2.22,1610,Gutschweißung,2900.0
1469,2185.43,573.748,2.22,1610,Gutschweißung,2900.0
1470,2146.06,557.878,2.22,1610,Gutschweißung,2900.0
1471,2111.58,536.149,2.23,1610,Gutschweißung,2900.0
1472,2136.3,569.842,2.23,1610,Gutschweißung,2900.0
1473,2170.78,552.019,2.23,1610,Gutschweißung,2900.0
1474,2185.43,553.972,2.23,1610,Gutschweißung,2900.0
1475,2190.62,536.149,2.23,1610,Gutschweißung,2900.0
1476,2173.22,573.748,2.23,1610,Gutschweißung,2900.0
1477,2141.18,552.019,2.23,1610,Gutschweißung,2900.0
1478,2128.67,579.608,2.23,1610,Gutschweißung,2900.0
1479,2175.66,530.29,2.23,1610,Gutschweißung,2900.0
1480,2210.15,548.112,2.23,1610,Gutschweißung,2900.0
1481,2225.1,567.888,2.23,1610,Gutschweißung,2900.0
1482,2225.1,536.149,2.23,1610,Gutschweißung,2900.0
1483,2200.38,552.019,2.24,1610,Gutschweißung,2900.0
1484,2163.46,548.112,2.24,1610,Gutschweißung,2900.0
1485,2155.83,563.738,2.24,1610,Gutschweißung,2900.0
1486,2185.43,532.243,2.24,1610,Gutschweißung,2900.0
1487,2197.94,550.066,2.24,1610,Gutschweißung,2900.0
1488,2202.83,526.383,2.24,1610,Gutschweißung,2900.0
1489,2185.43,581.561,2.24,1610,Gutschweißung,2900.0
1490,2143.62,553.972,2.24,1610,Gutschweißung,2900.0
1491,2111.58,538.102,2.24,1610,Gutschweißung,2900.0
1492,2133.55,575.701,2.24,1610,Gutschweißung,2900.0
1493,2168.34,552.019,2.24,1610,Gutschweißung,2900.0
1494,2187.87,548.112,2.25,1610,Gutschweißung,2900.0
1495,2190.62,540.056,2.25,1610,Gutschweißung,2900.0
1496,2178.11,569.842,2.25,1610,Gutschweißung,2900.0
1497,2146.06,552.019,2.25,1610,Gutschweißung,2900.0
1498,2133.55,573.748,2.25,1610,Gutschweißung,2900.0
1499,2182.99,522.477,2.25,1610,Gutschweißung,2900.0
1500,2217.78,552.019,2.25,1610,Gutschweißung,2900.0
1501,2232.43,563.738,2.25,1610,Gutschweißung,2900.0
1502,2232.43,532.243,2.25,1610,Gutschweißung,2900.0
1503,2207.71,552.019,2.25,1610,Gutschweißung,2900.0
1504,2170.78,555.925,2.25,1610,Gutschweißung,2900.0
1505,2163.46,561.785,2.26,1610,Gutschweißung,2900.0
1506,2193.06,536.149,2.26,1610,Gutschweißung,2900.0
1507,2205.27,544.206,2.26,1610,Gutschweißung,2900.0
1508,2207.71,532.243,2.26,1610,Gutschweißung,2900.0
1509,2193.06,581.561,2.26,1610,Gutschweißung,2900.0
1510,2153.39,552.019,2.26,1610,Gutschweißung,2900.0
1511,2116.46,542.009,2.26,1610,Gutschweißung,2900.0
1512,2141.18,577.654,2.26,1610,Gutschweißung,2900.0
1513,2180.55,550.066,2.26,1610,Gutschweißung,2900.0
1514,2195.5,542.009,2.26,1610,Gutschweißung,2900.0
1515,2200.38,544.206,2.26,1610,Gutschweißung,2900.0
1516,2187.87,563.738,2.26,1610,Gutschweißung,2900.0
1517,2153.39,557.878,2.27,1610,Gutschweißung,2900.0
1518,2141.18,571.795,2.27,1610,Gutschweißung,2900.0
1519,2190.62,526.383,2.27,1610,Gutschweißung,2900.0
1520,2222.66,553.972,2.27,1610,Gutschweißung,2900.0
1521,2239.75,557.878,2.27,1610,Gutschweißung,2900.0
1522,2239.75,532.243,2.27,1610,Gutschweißung,2900.0
1523,2212.59,548.112,2.27,1610,Gutschweißung,2900.0
1524,2175.66,546.159,2.27,1610,Gutschweißung,2900.0
1525,2168.34,569.842,2.27,1610,Gutschweißung,2900.0
1526,2200.38,528.336,2.27,1610,Gutschweißung,2900.0
1527,2212.59,550.066,2.27,1610,Gutschweißung,2900.0
1528,2212.59,522.477,2.28,1610,Gutschweißung,2900.0
1529,2197.94,571.795,2.28,1610,Gutschweißung,2900.0
1530,2158.27,555.925,2.28,1610,Gutschweißung,2900.0
1531,2121.34,534.196,2.28,1610,Gutschweißung,2900.0
1532,2148.5,567.888,2.28,1610,Gutschweißung,2900.0
1533,2185.43,552.019,2.28,1610,Gutschweißung,2900.0
1534,2200.38,553.972,2.28,1610,Gutschweißung,2900.0
1535,2205.27,536.149,2.28,1610,Gutschweißung,2900.0
1536,2187.87,573.748,2.28,1610,Gutschweißung,2900.0
1537,2158.27,552.019,2.28,1610,Gutschweißung,2900.0
1538,2146.06,579.608,2.28,1610,Gutschweißung,2900.0
1539,2195.5,532.243,2.29,1610,Gutschweißung,2900.0
1540,2229.99,546.159,2.29,1610,Gutschweißung,2900.0
1541,2244.94,567.888,2.29,1610,Gutschweißung,2900.0
1542,2242.19,536.149,2.29,1610,Gutschweißung,2900.0
1543,2215.03,552.019,2.29,1610,Gutschweißung,2900.0
1544,2178.11,546.159,2.29,1610,Gutschweißung,2900.0
1545,2173.22,565.935,2.29,1610,Gutschweißung,2900.0
1546,2200.38,530.29,2.29,1610,Gutschweißung,2900.0
1547,2215.03,550.066,2.29,1610,Gutschweißung,2900.0
1548,2220.22,524.43,2.29,1610,Gutschweißung,2900.0
1549,2200.38,579.608,2.29,1610,Gutschweißung,2900.0
1550,2160.71,553.972,2.3,1610,Gutschweißung,2900.0
1551,2126.22,538.102,2.3,1610,Gutschweißung,2900.0
1552,2153.39,571.795,2.3,1610,Gutschweißung,2900.0
1553,2190.62,550.066,2.3,1610,Gutschweißung,2900.0
1554,2205.27,548.112,2.3,1610,Gutschweißung,2900.0
1555,2212.59,538.102,2.3,1610,Gutschweißung,2900.0
1556,2193.06,567.888,2.3,1610,Gutschweißung,2900.0
1557,2163.46,552.019,2.3,1610,Gutschweißung,2900.0
1558,2153.39,573.748,2.3,1610,Gutschweißung,2900.0
1559,2200.38,522.477,2.3,1610,Gutschweißung,2900.0
1560,2232.43,548.112,2.3,1610,Gutschweißung,2900.0
1561,2249.82,563.738,2.31,1610,Gutschweißung,2900.0
1562,2249.82,530.29,2.31,1610,Gutschweißung,2900.0
1563,2217.78,552.019,2.31,1610,Gutschweißung,2900.0
1564,2182.99,552.019,2.31,1610,Gutschweißung,2900.0
1565,2178.11,561.785,2.31,1610,Gutschweißung,2900.0
1566,2210.15,532.243,2.31,1610,Gutschweißung,2900.0
1567,2222.66,546.159,2.31,1610,Gutschweißung,2900.0
1568,2227.55,534.196,2.31,1610,Gutschweißung,2900.0
1569,2207.71,579.608,2.31,1610,Gutschweißung,2900.0
1570,2170.78,552.019,2.31,1610,Gutschweißung,2900.0
1571,2133.55,542.009,2.31,1610,Gutschweißung,2900.0
1572,2158.27,575.701,2.32,1610,Gutschweißung,2900.0
1573,2193.06,548.112,2.32,1610,Gutschweißung,2900.0
1574,2207.71,544.206,2.32,1610,Gutschweißung,2900.0
1575,2215.03,540.056,2.32,1610,Gutschweißung,2900.0
1576,2195.5,561.785,2.32,1610,Gutschweißung,2900.0
1577,2163.46,555.925,2.32,1610,Gutschweißung,2900.0
1578,2153.39,569.842,2.32,1610,Gutschweißung,2900.0
1579,2207.71,522.477,2.32,1610,Gutschweißung,2900.0
1580,2239.75,552.019,2.32,1610,Gutschweißung,2900.0
1581,2254.71,559.832,2.32,1610,Gutschweißung,2900.0
