Experiment_ID;Kategorie;Z;P_mean;P_std;P_max;P_range;F_mean;F_std;F_max;F_range;D_std;D_max;D_range
1569;Gutschweißung;2600;2304,687803;274,6633944;2500,99;2500,99;540,6025522;38,47487477;585,467;585,467;0,386393443;2,14001;2,14001
1570;Gutschweißung;2750;2122,718944;253,2404363;2296,86;2296,86;544,7176766;37,25908356;595,477;595,477;0,427626383;2,36;2,36
1571;Gutschweißung;2770;2132,649144;262,6128015;2319,37;2319,37;545,4034103;36,30199845;589,618;589,618;0,427736562;2,24;2,24
1572;Gutschweißung;2660;2064,196953;252,261096;2290,99;2290,99;544,1239059;38,86885462;589,618;589,618;0,441996645;2,45;2,45
1573;Gutschweißung;2810;2119,152411;257,9750906;2291,94;2291,94;543,1923065;38,88787438;591,571;591,571;0,432707718;2,44;2,44
1574;Gutschweißung;2850;2149,259356;260,9956964;2339,24;2339,24;544,0962709;36,83821676;589,618;589,618;0,426868053;2,29;2,29
1575;Gutschweißung;2900;2094,12157;251,3195428;2275,61;2275,61;540,6531845;36,5595124;589,618;589,618;0,441831945;2,35999;2,35999
1576;Gutschweißung;2750;2128,706785;260,9309191;2329,33;2329,33;539,9050332;36,45081893;589,618;589,618;0,418401798;2,27;2,27
1577;Gutschweißung;2750;2118,554695;258,2157557;2334,21;2334,21;543,5256863;38,95822688;589,618;589,618;0,448763897;2,45;2,45
1578;Gutschweißung;2770;2168,165892;266,02157;2354,81;2354,81;542,7491187;37,84827358;589,618;589,618;0,43342488;2,28;2,28
1579;Gutschweißung;2590;2110,097339;251,4739187;2338,18;2338,18;539,8191175;36,77195317;589,618;589,618;0,40597098;2,21999;2,21999
1580;Gutschweißung;2760;2147,721638;273,364632;2453,54;2453,54;542,08509;41,0418132;591,571;591,571;0,428598472;2,46;2,46
1581;Gutschweißung;2700;2193,776558;269,1584899;2354,35;2354,35;543,7448141;39,3585612;589,618;589,618;0,418766483;2,32;2,32
1582;Gutschweißung;2670;2112,348297;265,3642247;2368,54;2368,54;544,2513404;39,26266242;593,524;593,524;0,434623678;2,4;2,4
1583;Gutschweißung;2620;2223,016123;294,9396511;2652,97;2652,97;542,1339653;39,45172111;589,618;589,618;0,413458078;2,31;2,31
1584;Gutschweißung;2660;2103,886126;253,6657068;2276,22;2276,22;543,0315148;37,93766907;593,524;593,524;0,400087092;2,24;2,24
1585;Gutschweißung;2760;2067,885775;251,8385268;2263,71;2263,71;544,2156426;37,02317376;593,524;593,524;0,442448753;2,36;2,36
1586;Gutschweißung;2710;2104,501281;259,8472691;2291,64;2291,64;542,4003426;37,18995809;591,571;591,571;0,436779986;2,34;2,34
1587;Gutschweißung;2820;2165,12466;268,4985751;2368,39;2368,39;542,6944616;37,95098206;591,571;591,571;0,395724077;2,22;2,22
1588;Gutschweißung;2830;2112,373477;257,8606837;2300,94;2300,94;543,3254292;40,035047;591,571;591,571;0,417493445;2,39;2,39
1589;Gutschweißung;2750;2038,910715;244,2119507;2239,6;2239,6;544,18034;38,10110021;591,571;591,571;0,409453961;2,31;2,31
1590;Gutschweißung;2840;2104,178892;253,8229584;2301,25;2301,25;546,1776306;38,88103473;589,618;589,618;0,416762491;2,34;2,34
1591;Gutschweißung;2880;2066,287932;248,5086461;2268,75;2268,75;544,7003932;38,96842473;593,524;593,524;0,440395123;2,41;2,41
1592;Gutschweißung;2790;2092,758451;257,4969181;2280,8;2280,8;543,8947017;38,70045927;589,618;589,618;0,430746975;2,36;2,36
1593;Gutschweißung;2850;2143,935965;259,663505;2327,95;2327,95;544,0493298;38,10795822;589,618;589,618;0,405222688;2,24;2,24
1594;Gutschweißung;2980;2055,94287;250,9669157;2276,38;2276,38;539,8513327;38,76818633;591,571;591,571;0,448350093;2,48;2,48
1595;Gutschweißung;2940;2067,238806;248,5370236;2275,31;2275,31;540,697802;38,55189254;591,571;591,571;0,429113916;2,37;2,37
1596;Gutschweißung;2940;2070,531733;250,644899;2257,61;2257,61;543,2777169;37,10429302;587,42;587,42;0,44178338;2,39;2,39
1597;Gutschweißung;2940;2071,271555;253,2905669;2257,45;2257,45;540,663294;38,08925303;593,524;593,524;0,446232843;2,48;2,48
1598;Gutschweißung;2850;2105,762238;256,151782;2315,13;2315,13;543,7637165;37,42147026;587,42;587,42;0,424958756;2,31001;2,31001
1599;Gutschweißung;2740;2046,144026;244,4389527;2248,91;2248,91;541,4640638;38,68118502;593,524;593,524;0,416790564;2,38;2,38
1600;Gutschweißung;2960;2022,857484;238,43117;2210,15;2210,15;541,0076665;37,46256695;589,618;589,618;0,457722147;2,49;2,49
1601;Gutschweißung;2920;2036,477289;246,2127296;2236,55;2236,55;544,7156798;38,39258683;589,618;589,618;0,450839207;2,47;2,47
1602;Gutschweißung;2730;2259,336959;260,4960833;2436,9;2436,9;543,8205335;39,76051008;589,618;589,618;0,367481594;2,08;2,08
1603;Gutschweißung;2560;2170,431477;265,2919673;2379,99;2379,99;547,3934635;36,78688741;593,524;593,524;0,441239612;2,26;2,26
1604;Gutschweißung;2940;2050,604337;247,0686207;2255,62;2255,62;547,5019391;38,55937527;595,477;595,477;0,428057747;2,35;2,35
1605;Gutschweißung;2890;2050,676005;250,8158567;2264,63;2264,63;545,7198225;39,8673781;591,571;591,571;0,449874557;2,52;2,52
1606;Gutschweißung;2860;2099,099655;252,4254636;2311,32;2311,32;546,0110822;39,69248877;593,524;593,524;0,438081815;2,4;2,4
1607;Gutschweißung;3010;2094,693204;254,5102483;2290,11;2290,11;545,9945682;37,98174973;593,524;593,524;0,445364879;2,41;2,41
1608;Gutschweißung;2870;2099,213781;257,0705801;2312,39;2312,39;544,9993603;38,04720854;589,618;589,618;0,435375782;2,36;2,36
1609;Gutschweißung;2750;2047,562929;240,2436371;2228,77;2228,77;546,7695517;38,55620424;593,524;593,524;0,410236039;2,29;2,29
1610;Gutschweißung;2900;2068,133444;244,4955646;2254,71;2254,71;546,9733997;37,95004714;593,524;593,524;0,427889411;2,32;2,32
1611;Gutschweißung;2630;2175,593598;266,4993659;2362,9;2362,9;545,0853826;37,44280211;591,571;591,571;0,427020771;2,22;2,22
1612;Gutschweißung;3070;2062,878235;252,3280379;2284,62;2284,62;543,1322782;37,55213511;591,571;591,571;0,43433193;2,42;2,42
1613;Gutschweißung;2840;2137,088383;259,1482817;2327,19;2327,19;544,2118242;40,92943799;591,571;591,571;0,422570669;2,38;2,38
1614;Gutschweißung;2990;2116,448015;256,2288072;2317,58;2317,58;545,2910764;39,13523419;591,571;591,571;0,426958897;2,35;2,35
1615;Gutschweißung;2880;2234,613602;281,7752216;2411,88;2411,88;545,3198517;36,95054611;591,571;591,571;0,419926434;2,12;2,12
1616;Gutschweißung;2870;2099,768305;260,4526704;2312,08;2312,08;545,9853642;39,05577347;593,524;593,524;0,401980043;2,3;2,3
1617;Gutschweißung;2820;2090,30967;257,4042065;2296,82;2296,82;542,3362481;36,71620259;587,42;587,42;0,432847541;2,37;2,37
1618;Gutschweißung;2930;2104,273654;254,84859;2312,39;2312,39;547,0572382;37,41154566;591,571;591,571;0,4304646;2,32;2,32
1619;Gutschweißung;2820;2016,157268;240,5877593;2201,15;2201,15;543,138198;36,64430803;589,618;589,618;0,435481324;2,39001;2,39001
1620;Gutschweißung;2930;2053,487345;247,5648473;2274,7;2274,7;547,3537795;37,85334036;591,571;591,571;0,405282995;2,29;2,29
1621;Gutschweißung;2920;2024,727255;242,9993962;2222,97;2222,97;546,9855099;38,6993491;591,571;591,571;0,452506771;2,46;2,46
1622;Gutschweißung;2690;2054,086389;248,3816094;2281,72;2281,72;544,3819227;35,97081808;591,571;591,571;0,429990322;2,28;2,28
1623;Gutschweißung;2860;2051,801076;252,5777422;2286,14;2286,14;546,5107006;38,49043381;589,618;589,618;0,447553709;2,46;2,46
1624;Gutschweißung;2840;2057,482011;249,3736943;2270,12;2270,12;545,7626904;38,60209605;591,571;591,571;0,457520083;2,47;2,47
1625;Gutschweißung;3040;2123,660457;259,5336875;2301,86;2301,86;547,7935718;38,94752798;593,524;593,524;0,427816847;2,38;2,38
1626;Gutschweißung;2870;2035,679321;246,7739433;2249,98;2249,98;548,7138568;38,58928754;595,477;595,477;0,461326331;2,53;2,53
1627;Gutschweißung;3040;2089,020647;248,6666941;2296,21;2296,21;548,8116639;37,35228253;593,524;593,524;0,449968355;2,36;2,36
1628;Gutschweißung;2800;2130,374098;259,0787799;2318,03;2318,03;548,9015456;38,61741356;595,477;595,477;0,43761242;2,35;2,35
1629;Gutschweißung;2600;2266,789166;274,208132;2451,55;2451,55;546,4377718;41,15414407;593,524;593,524;0,392544616;2,24001;2,24001
1630;Gutschweißung;2780;2038,523431;244,3014109;2240,04;2240,04;549,2254296;38,98294272;597,43;597,43;0,434569309;2,44;2,44
1631;Gutschweißung;2900;2085,736194;248,7281029;2266,74;2266,74;551,8385622;38,19216534;597,43;597,43;0,433650069;2,41;2,41
1632;Gutschweißung;2770;2034,606586;239,6489853;2268,92;2268,92;550,6572458;37,42874498;593,524;593,524;0,469769607;2,58;2,58
1633;Gutschweißung;2890;2136,154899;253,7933668;2340,33;2340,33;548,4917582;38,96567511;599,384;599,384;0,406037199;2,27;2,27
1634;Gutschweißung;2970;2062,734612;245,9650133;2228,67;2228,67;548,8402681;38,73695122;599,384;599,384;0,448280917;2,46001;2,46001
1635;Gutschweißung;2730;2146,407731;256,4803996;2341,13;2341,13;549,9391438;39,90145936;595,477;595,477;0,415253707;2,34;2,34
1636;Gutschweißung;2960;2148,484543;256,8731849;2348,76;2348,76;551,5293964;37,47743521;595,477;595,477;0,403810146;2,19;2,19
1637;Gutschweißung;2850;2074,839998;249,7707654;2263,39;2263,39;548,1784762;36,72510008;595,477;595,477;0,414071594;2,31;2,31
1638;Gutschweißung;2990;2092,85764;254,0306049;2295,83;2295,83;551,2000858;38,7542752;595,477;595,477;0,418173827;2,32999;2,32999
1639;Gutschweißung;2810;2034,499567;241,883707;2227,22;2227,22;550,3043118;38,21172909;593,524;593,524;0,419097536;2,34;2,34
1640;Gutschweißung;2730;2090,77707;249,6429363;2274,49;2274,49;551,0023871;39,45289347;597,43;597,43;0,42118605;2,37;2,37
1641;Gutschweißung;2800;2066,298814;247,3346688;2267,01;2267,01;550,5653622;38,8032193;597,43;597,43;0,427259948;2,36;2,36
1642;Gutschweißung;2810;2072,419815;249,0751205;2262,18;2262,18;549,4816614;39,33623709;595,477;595,477;0,437188345;2,43;2,43
1643;Gutschweißung;2760;2112,24823;254,5266955;2301,5;2301,5;550,1973211;37,85131725;589,618;589,618;0,398006871;2,21;2,21
1644;Gutschweißung;2850;2061,723229;245,8298599;2268,14;2268,14;550,3313361;38,41792998;595,477;595,477;0,445278602;2,43;2,43
1645;Gutschweißung;2750;2086,115174;250,1477802;2288,41;2288,41;550,6898041;38,49963533;595,477;595,477;0,42599353;2,38;2,38
1646;Gutschweißung;2720;2092,36214;254,4844646;2294,99;2294,99;550,0892196;38,83374416;597,43;597,43;0,462714589;2,52;2,52
1647;Gutschweißung;2820;2073,442261;251,8375625;2268,59;2268,59;550,1953786;40,04267984;597,43;597,43;0,441354365;2,47;2,47
1648;Gutschweißung;2860;2106,689886;253,8687783;2297,66;2297,66;551,1443318;40,33356525;597,43;597,43;0,422608077;2,39;2,39
1649;Gutschweißung;2830;2100,020793;251,7499603;2301,69;2301,69;548,7533224;39,61348919;599,384;599,384;0,39009779;2,25;2,25
1650;Gutschweißung;2790;1998,187242;233,2098477;2187,41;2187,41;550,6848099;38,53329897;597,43;597,43;0,442780035;2,45;2,45
1651;Gutschweißung;2850;2021,268635;238,678231;2215,8;2215,8;551,3926766;38,27365474;593,524;593,524;0,432572076;2,42001;2,42001
1652;Gutschweißung;2750;2065,978505;250,0594079;2243,36;2243,36;550,9554823;40,01683869;597,43;597,43;0,442722538;2,47;2,47
1653;Gutschweißung;2880;2031,500996;246,1112626;2236,4;2236,4;550,7955016;38,39803485;593,524;593,524;0,447851255;2,49001;2,49001
1654;Gutschweißung;2710;2053,917201;252,7676045;2280,13;2280,13;549,7355544;40,59082612;597,43;597,43;0,454369971;2,55;2,55
1655;Gutschweißung;2850;2091,951789;254,953026;2300,64;2300,64;552,3095202;38,97946553;595,477;595,477;0,429740621;2,35;2,35
1656;Gutschweißung;2720;2050,975326;248,4491486;2275,61;2275,61;551,5121424;41,90780918;599,384;599,384;0,444788728;2,58;2,58
1657;Gutschweißung;2650;2069,984532;255,144475;2278,51;2278,51;551,4792027;40,0001804;597,43;597,43;0,479547578;2,58;2,58
1658;Gutschweißung;2790;2070,427438;252,8906353;2273,78;2273,78;551,2738461;37,42446456;599,384;599,384;0,451511505;2,4;2,4
1659;Gutschweißung;2860;2055,936815;242,7083996;2244,33;2244,33;551,9577157;40,60499051;599,384;599,384;0,402288557;2,36;2,36
1660;Gutschweißung;2910;2089,557649;250,0324842;2278,66;2278,66;553,104984;39,4513007;599,384;599,384;0,416504433;2,37;2,37
1661;Gutschweißung;2830;2083,866967;254,134772;2255,32;2255,32;552,8250255;40,81541604;599,384;599,384;0,439267416;2,51;2,51
1662;Gutschweißung;2830;2114,359214;257,8815092;2303,23;2303,23;552,9341475;39,51374824;599,384;599,384;0,443720258;2,43;2,43
1663;Gutschweißung;2810;2069,945711;247,1470459;2269,51;2269,51;552,0440317;39,95699735;599,384;599,384;0,460767739;2,5;2,5
1664;Gutschweißung;2830;2121,084795;263,6452642;2312,22;2312,22;553,7641518;40,20726626;599,384;599,384;0,410315308;2,28001;2,28001
1665;Gutschweißung;2840;2096,724824;255,3453464;2285,66;2285,66;555,3022001;38,55804444;597,43;597,43;0,412303678;2,24;2,24
1666;Gutschweißung;2920;2031,55239;239,8418803;2219,76;2219,76;554,9628645;37,47350743;599,384;599,384;0,474480616;2,44;2,44
1667;Gutschweißung;2990;2081,272033;253,3634281;2273,32;2273,32;554,8566104;40,54235898;603,29;603,29;0,414737528;2,35;2,35
1668;Gutschweißung;2840;2122,158538;261,3165917;2320,78;2320,78;556,7519747;39,28605672;601,337;601,337;0,402575322;2,29;2,29
1669;Gutschweißung;2690;2323,681626;283,8614637;2540,67;2540,67;555,8066887;41,71662788;605,243;605,243;0,398181012;2,18;2,18
1670;Gutschweißung;2990;2036,246693;244,3619972;2254,55;2254,55;556,5876586;38,23534722;603,29;603,29;0,444866673;2,39999;2,39999
1671;Gutschweißung;2770;2150,02893;261,6538892;2346,89;2346,89;556,6057487;39,54830301;601,337;601,337;0,405259842;2,24;2,24
1672;Gutschweißung;2950;2066,688938;248,6028253;2285,87;2285,87;556,6331062;38,09947447;599,384;599,384;0,44961648;2,42;2,42
1673;Gutschweißung;2870;2130,998225;260,0538234;2330,95;2330,95;555,2869713;39,79978732;603,29;603,29;0,440039977;2,4;2,4
1674;Gutschweißung;2760;2182,141749;271,7702819;2368,94;2368,94;555,7962724;35,74808739;601,337;601,337;0,447454132;2,21;2,21
1675;Gutschweißung;2910;2111,946138;262,1569916;2334,74;2334,74;554,6322261;40,06787246;599,384;599,384;0,452469676;2,47;2,47
1676;Gutschweißung;2950;2074,44123;252,665401;2281,95;2281,95;556,3822037;38,05618264;599,384;599,384;0,453505224;2,42;2,42
1677;Gutschweißung;2980;2099,520917;257,9025474;2304,51;2304,51;555,9805459;40,26185993;603,29;603,29;0,473612961;2,58;2,58
1678;Gutschweißung;3050;2082,979727;257,6365901;2290,19;2290,19;556,0761256;40,20320928;605,243;605,243;0,469667977;2,58;2,58
1679;Gutschweißung;2790;2117,638971;252,8810111;2326,6;2326,6;553,52434;37,39315236;603,29;603,29;0,378837843;2,11;2,11
1680;Gutschweißung;2700;2105,7077;255,0947691;2312,54;2312,54;555,3033512;37,24384563;603,29;603,29;0,403568219;2,2;2,2
1681;Gutschweißung;2730;2104,309004;257,8911018;2310,1;2310,1;556,5136098;41,07323662;603,29;603,29;0,398883281;2,3;2,3
1682;Gutschweißung;2820;2014,415831;244,063169;2239,49;2239,49;554,5944929;39,80065216;603,29;603,29;0,486225152;2,68;2,68
1683;Gutschweißung;2690;2068,438653;249,666604;2278,57;2278,57;551,57025;39,2457722;601,337;601,337;0,437906175;2,45;2,45
1684;Gutschweißung;2850;2097,468174;253,1745721;2284,6;2284,6;557,1119294;39,87782319;603,29;603,29;0,40642155;2,25999;2,25999
1685;Gutschweißung;2820;2068,718175;250,1679835;2269,57;2269,57;555,8961405;39,9409;601,337;601,337;0,39573702;2,29;2,29
1686;Gutschweißung;2870;2080,699318;251,8414401;2268,44;2268,44;557,5472043;40,73730334;601,337;601,337;0,425499532;2,41;2,41
1687;Gutschweißung;2780;2097,685308;258,5144635;2285,59;2285,59;557,9825725;39,03772441;607,196;607,196;0,426560489;2,36;2,36
1688;Gutschweißung;2890;2121,723012;260,6418324;2310,59;2310,59;558,0323744;41,42716911;605,243;605,243;0,440235546;2,39;2,39
1689;Gutschweißung;2570;2152,976793;265,4627406;2324,5;2324,5;553,9327727;37,26215526;603,29;603,29;0,418042545;2,11;2,11
1690;Gutschweißung;2720;2072,465029;248,159337;2265,75;2265,75;557,3357419;41,06034272;605,243;605,243;0,435151322;2,42;2,42
1691;Gutschweißung;2770;2089,779048;250,9372762;2278,3;2278,3;557,9300512;40,35122446;605,243;605,243;0,448382699;2,41;2,41
1692;Gutschweißung;2820;2058,582682;251,879991;2265,16;2265,16;556,6388974;40,52507796;601,337;601,337;0,532726112;2,81;2,81
1693;Gutschweißung;2700;2146,097818;266,6688997;2331,5;2331,5;558,6770387;39,03506486;607,196;607,196;0,47402674;2,41;2,41
1694;Gutschweißung;2810;2110,103099;264,6555306;2332,15;2332,15;557,4613267;37,26355449;605,243;605,243;0,475546571;2,42;2,42
1695;Gutschweißung;2700;2138,629267;261,6573847;2323,87;2323,87;559,640301;39,37038085;605,243;605,243;0,448992292;2,35001;2,35001
1696;Gutschweißung;2770;2113,691347;258,4665805;2292,93;2292,93;559,565784;40,11545254;609,149;609,149;0,456781622;2,44;2,44
1697;Gutschweißung;2780;2092,591754;260,0641;2285,63;2285,63;560,4841396;41,17120085;607,196;607,196;0,43770355;2,39;2,39
1698;Gutschweißung;2730;2109,377018;259,237176;2310,5;2310,5;561,8707587;41,89473405;609,149;609,149;0,41758313;2,35;2,35
1699;Gutschweißung;2630;2014,504176;238,7809954;2206,74;2206,74;557,3008805;38,94236536;605,243;605,243;0,421360427;2,37;2,37
1700;Gutschweißung;2850;2075,367984;251,0132054;2260,96;2260,96;561,0402159;39,77400654;609,149;609,149;0,43008177;2,36;2,36
1701;Gutschweißung;2860;2076,130909;247,435116;2256,08;2256,08;561,1897319;39,34816976;607,196;607,196;0,449589661;2,42;2,42
1702;Gutschweißung;2900;2094,884267;255,7337414;2299,11;2299,11;559,7547301;39,21374218;603,29;603,29;0,453877342;2,4;2,4
1703;Gutschweißung;2690;2089,27891;254,1753476;2292,25;2292,25;559,9544997;41,20170137;607,196;607,196;0,458992036;2,5;2,5
1704;Gutschweißung;2830;2083,821798;255,3284006;2275,38;2275,38;560,8634105;41,15773435;611,347;611,347;0,453336079;2,41;2,41
1705;Gutschweißung;2910;2052,13652;250,9673568;2253,16;2253,16;559,9339353;41,33575518;605,243;605,243;0,476669795;2,57999;2,57999
1706;Gutschweißung;2920;2087,99286;259,0334281;2310,23;2310,23;560,3906507;41,48939163;603,29;603,29;0,460128043;2,54;2,54
1707;Gutschweißung;2900;2021,707304;240,6941895;2226,25;2226,25;562,948107;40,51511265;607,196;607,196;0,446238263;2,43999;2,43999
1708;Gutschweißung;2950;2084,020507;255,134871;2294,23;2294,23;559,6400217;41,62534465;611,347;611,347;0,435792364;2,42001;2,42001
1709;Gutschweißung;2840;2042,022756;240,6892095;2226,63;2226,63;561,5371049;40,76261402;609,149;609,149;0,417948451;2,37;2,37
1710;Gutschweißung;2960;2044,962076;243,8438996;2241,85;2241,85;562,7338511;39,57238328;609,149;609,149;0,438100917;2,4;2,4
1711;Gutschweißung;2900;2091,620953;254,0546574;2303,99;2303,99;561,4657959;40,90624797;609,149;609,149;0,438019352;2,39;2,39
1712;Gutschweißung;2700;2109,30504;255,6506234;2308,4;2308,4;562,0956935;42,0147544;611,347;611,347;0,422949173;2,35;2,35
1713;Gutschweißung;2900;2080,432434;255,2814187;2286,41;2286,41;562,0831483;41,57908758;609,149;609,149;0,424520737;2,4;2,4
1714;Gutschweißung;2750;2162,39915;268,1311798;2320,55;2320,55;562,0865463;38,35330438;607,196;607,196;0,459939251;2,34;2,34
1715;Gutschweißung;2880;2132,641267;264,1355798;2309,18;2309,18;561,7356954;40,35590039;609,149;609,149;0,463959581;2,39;2,39
1716;Gutschweißung;2800;2076,300087;255,368177;2293,77;2293,77;563,2860978;40,85362807;609,149;609,149;0,450527149;2,42001;2,42001
1717;Gutschweißung;2850;2130,656473;262,4855837;2324,4;2324,4;561,3898814;39,9525354;611,347;611,347;0,453717234;2,39;2,39
1718;Gutschweißung;2640;2088,656421;254,9847092;2283,66;2283,66;563,6905073;40,51293177;609,149;609,149;0,443732514;2,39;2,39
1719;Gutschweißung;2790;2133,350199;256,1470433;2350,8;2350,8;560,7381815;37,37777131;609,149;609,149;0,417211696;2,11;2,11
1720;Gutschweißung;2870;2060,409924;254,7352459;2258,94;2258,94;563,1092554;41,95790819;605,243;605,243;0,450776732;2,53999;2,53999
1721;Gutschweißung;2750;2075,700042;250,5275468;2252,57;2252,57;563,6264997;41,11477546;609,149;609,149;0,437206444;2,42;2,42
1722;Gutschweißung;2880;2115,257403;256,175584;2302,76;2302,76;564,1149994;40,4862975;611,347;611,347;0,436475633;2,31;2,31
1723;Gutschweißung;2820;2083,23453;255,4952927;2268,23;2268,23;562,8530032;41,83948663;609,149;609,149;0,460908516;2,5;2,5
1724;Gutschweißung;2960;2046,912768;249,2373973;2263,31;2263,31;564,0776381;39,91916786;611,347;611,347;0,456174334;2,41;2,41
1725;Gutschweißung;2850;2088,789579;250,5965467;2266,38;2266,38;562,0814843;42,29673731;611,347;611,347;0,446029988;2,49001;2,49001
1726;Gutschweißung;2920;2088,570817;257,5455895;2284,46;2284,46;564,7836537;41,48440751;613,3;613,3;0,442317447;2,43;2,43
1727;Gutschweißung;2610;2106,529118;260,9525675;2338,79;2338,79;564,1854903;41,04609195;611,347;611,347;0,44353307;2,39999;2,39999
1728;Gutschweißung;2990;2100,235434;254,6036328;2258,98;2258,98;562,6670386;41,65679087;611,347;611,347;0,474167114;2,57001;2,57001
1729;Gutschweißung;2710;2063,835809;243,1706253;2221,82;2221,82;565,0288125;41,02199204;611,347;611,347;0,383559953;2,21;2,21
1730;Gutschweißung;2900;2030,512943;244,0313388;2246,93;2246,93;563,6819938;40,63802231;611,347;611,347;0,430296618;2,45;2,45
1731;Gutschweißung;2830;2087,665466;252,0570602;2296,06;2296,06;562,6249221;40,50261372;611,347;611,347;0,450684636;2,46;2,46
1732;Gutschweißung;2880;2049,016265;252,3507647;2278,45;2278,45;563,6921793;42,09934293;611,347;611,347;0,469310715;2,59;2,59
1733;Gutschweißung;2680;2104,216512;258,9969125;2303,96;2303,96;565,1830258;42,30009034;613,3;613,3;0,429745924;2,39001;2,39001
1734;Gutschweißung;2930;2014,183711;253,4038304;2268,82;2268,82;564,1245521;40,78784293;611,347;611,347;0,502493558;2,62;2,62
1735;Gutschweißung;2870;2076,827546;258,9541591;2283,19;2283,19;561,5314555;41,91477029;609,149;609,149;0,473481047;2,58;2,58
1736;Gutschweißung;2850;2085,314818;255,7306237;2288,07;2288,07;564,2073916;41,14556668;611,347;611,347;0,470172193;2,53;2,53
1737;Gutschweißung;2850;2102,829682;259,6828515;2319,56;2319,56;564,7022844;43,88530039;613,3;613,3;0,421612017;2,38;2,38
1738;Gutschweißung;2940;2124,727434;261,7407089;2338;2338;565,9566946;41,41718054;617,206;617,206;0,435827753;2,35;2,35
1739;Gutschweißung;2880;1985,495636;235,2510368;2183,45;2183,45;564,3103341;40,43794575;611,347;611,347;0,438134546;2,46;2,46
1740;Gutschweißung;2990;2059,927388;248,1450717;2254,69;2254,69;564,860683;41,7906856;611,347;611,347;0,463893378;2,55;2,55
1741;Gutschweißung;2950;2084,497187;252,8760345;2273,59;2273,59;565,8052596;41,3619978;615,253;615,253;0,421321152;2,32;2,32
1742;Gutschweißung;2950;2109,497898;261,1102459;2325,3;2325,3;562,5091632;42,12275595;613,3;613,3;0,414626327;2,31;2,31
1743;Gutschweißung;2960;2085,081283;252,574927;2271,19;2271,19;562,6331971;41,97107654;609,149;609,149;0,465927044;2,55;2,55
1744;Gutschweißung;2960;2100,871327;255,4562727;2302,37;2302,37;564,514171;42,1297836;613,3;613,3;0,427655251;2,39;2,39
1745;Gutschweißung;2850;2119,128107;256,765494;2316,7;2316,7;565,5461951;41,73635912;613,3;613,3;0,437681756;2,39;2,39
1746;Gutschweißung;2950;2090,50169;253,0035457;2275,25;2275,25;564,5445256;41,56734896;615,253;615,253;0,471432668;2,49;2,49
1747;Gutschweißung;2900;2116,882164;255,0069406;2303,99;2303,99;565,6384657;40,71905851;611,347;611,347;0,460909949;2,44;2,44
1748;Gutschweißung;2950;2106,456247;256,6518892;2300,89;2300,89;564,8790947;41,30577967;607,196;607,196;0,478609279;2,53;2,53
1749;Gutschweißung;2610;2216,28561;261,5494157;2419,51;2419,51;554,6099214;41,35320568;605,243;605,243;0,432189493;2,38;2,38
1750;Gutschweißung;2860;2050,378575;248,9589192;2259,29;2259,29;559,2694523;38,81615255;607,196;607,196;0,418241814;2,36;2,36
1751;Gutschweißung;2820;2086,359804;253,3255486;2301,65;2301,65;561,1152629;41,34424374;609,149;609,149;0,426639124;2,41;2,41
1752;Gutschweißung;2870;2103,122565;256,8314266;2295,81;2295,81;560,3245901;39,8696475;605,243;605,243;0,467450336;2,47;2,47
1753;Gutschweißung;2800;2081,404209;251,7087658;2286,12;2286,12;559,6582973;38,58079715;603,29;603,29;0,439747421;2,38;2,38
1754;Gutschweißung;2890;2129,004408;259,5769097;2328,52;2328,52;558,918914;40,65015748;609,149;609,149;0,425185932;2,37;2,37
1755;Gutschweißung;3170;2042,197629;253,2099862;2284,75;2284,75;557,0768507;39,58627359;605,243;605,243;0,470365124;2,56;2,56
1756;Gutschweißung;3080;2114,80799;257,6386499;2310,12;2310,12;557,9518053;39,27783867;605,243;605,243;0,436932566;2,37;2,37
1757;Gutschweißung;2840;2126,949185;262,5801641;2332,28;2332,28;558,2468966;39,44415735;607,196;607,196;0,43842773;2,38;2,38
1758;Gutschweißung;2880;2056,055152;245,4854107;2236,24;2236,24;556,7290434;39,95079532;603,29;603,29;0,475021646;2,55;2,55
1759;Gutschweißung;3000;2001,069029;241,266129;2217,4;2217,4;555,3478513;41,27397919;607,196;607,196;0,429453407;2,5;2,5
1760;Gutschweißung;2910;1981,168999;238,0927435;2214,48;2214,48;558,7988976;38,32882223;605,243;605,243;0,46417031;2,54;2,54
1761;Gutschweißung;2950;2057,314226;252,9043644;2280,23;2280,23;557,4925651;39,80768701;607,196;607,196;0,467501218;2,51;2,51
1762;Gutschweißung;2940;2122,527091;259,0286445;2320,36;2320,36;559,4832623;40,38634365;607,196;607,196;0,417264465;2,33;2,33
1763;Gutschweißung;2950;2056,537357;257,9871041;2283,28;2283,28;557,4045239;39,97609512;607,196;607,196;0,482337386;2,58;2,58
1764;Gutschweißung;2900;2086,116427;248,416086;2271,02;2271,02;558,9617256;39,72889805;605,243;605,243;0,451974224;2,41;2,41
1765;Gutschweißung;2860;2108,08404;257,8093826;2272,47;2272,47;558,1500832;41,24993182;603,29;603,29;0,46477846;2,53;2,53
1766;Gutschweißung;2890;2084,816713;250,7187165;2283,57;2283,57;558,0708367;39,62386448;599,384;599,384;0,466188778;2,47;2,47
1767;Gutschweißung;3000;2100,554848;261,2634629;2311,76;2311,76;555,972901;39,15616126;603,29;603,29;0,473815903;2,5;2,5
1768;Gutschweißung;3040;2118,688447;265,4949204;2330,7;2330,7;558,0575029;43,14584076;607,196;607,196;0,426313325;2,46;2,46
2008;Öl auf Terminal;193;2821,373451;487,4034373;3162,88;3162,88;556,6449827;44,52151788;611,347;611,347;0,343024246;1,96;1,96
2009;Öl auf Terminal;0;2817,563192;554,4443724;3485,21;3485,21;560,9809491;43,90805666;619,16;619,16;0,271977287;1,65;1,65
2010;Öl auf Terminal;0;2918,520764;528,4317864;3407,07;3407,07;559,1303063;47,37884356;619,16;619,16;0,311770142;1,84;1,84
2011;Öl auf Terminal;0;2915,491629;555,5423706;3502,88;3502,88;560,4429197;47,26502154;619,16;619,16;0,297173235;1,78999;1,78999
2012;Öl auf Terminal;553;2804,814052;481,2058034;3131,35;3131,35;559,799933;45,26241912;617,206;617,206;0,325516859;1,88;1,88
2013;Öl auf Terminal;0;2973,884817;553,9111396;3410,44;3410,44;560,0977097;47,15311614;615,253;615,253;0,32362258;1,85;1,85
2014;Öl auf Terminal;799;2710,680407;446,6771227;2988,07;2988,07;560,7990522;44,77918214;617,206;617,206;0,345782226;1,99;1,99
2015;Öl auf Terminal;0;2980,581461;544,7587632;3405,87;3405,87;559,5126317;47,19746958;615,253;615,253;0,314328945;1,84;1,84
2016;Öl auf Terminal;362;2925,328657;524,1664754;3224,89;3224,89;558,5566195;48,52678228;617,206;617,206;0,328603985;1,96;1,96
2017;Öl auf Terminal;0;2959,072443;545,4757842;3417,62;3417,62;559,3171801;47,96270178;617,206;617,206;0,332263099;1,91;1,91
2018;Öl auf Terminal;0;2955,083763;554,1772689;3410,1;3410,1;559,572198;47,47276668;615,253;615,253;0,313583853;1,82;1,82
2019;Öl auf Terminal;0;2709,563416;490,2210651;3300,58;3300,58;559,6850025;47,68108552;617,206;617,206;0,28903525;1,86;1,86
2020;Öl auf Terminal;0;3045,906733;581,9372646;3535,26;3535,26;558,8285927;49,77002938;619,16;619,16;0,331568324;1,93;1,93
2021;Öl auf Terminal;0;2936,791497;529,2428279;3320,87;3320,87;561,3633675;46,54749015;619,16;619,16;0,312051866;1,84;1,84
2022;Öl auf Terminal;0;2938,632623;544,5459868;3462,63;3462,63;562,2860108;47,39989632;617,206;617,206;0,297828041;1,74;1,74
2023;Öl auf Terminal;2070;2279,076828;320,4970229;2513,96;2513,96;561,5658061;42,26090996;613,3;613,3;0,375047113;2,14;2,14
2024;Öl auf Terminal;364;3011,442218;561,2034778;3424,48;3424,48;558,7993843;47,83334435;619,16;619,16;0,330553067;1,9;1,9
2025;Öl auf Terminal;0;2971,462986;567,552959;3525,19;3525,19;561,9587655;49,18518312;621,113;621,113;0,307240162;1,82;1,82
2026;Öl auf Terminal;0;3007,572353;568,0589228;3479,57;3479,57;561,1895419;50,12449082;619,16;619,16;0,325939169;1,96;1,96
2027;Öl auf Terminal;0;2926,060982;568,1505564;3491,93;3491,93;560,9854315;47,41266067;621,113;621,113;0,299380975;1,76;1,76
2028;Öl auf Terminal;0;3041,225631;535,8032436;3469,04;3469,04;559,7366307;46,62282555;615,253;615,253;0,296284271;1,72;1,72
2029;Öl auf Terminal;485;2694,284135;479,5660918;3095,49;3095,49;562,7893166;44,00222058;617,206;617,206;0,328742237;1,93999;1,93999
2030;Öl auf Terminal;352;2795,080544;519,2163906;3222,37;3222,37;561,1554782;44,77021682;619,16;619,16;0,357514277;2,09;2,09
2031;Öl auf Terminal;126;2887,959073;528,6184972;3304,07;3304,07;560,249333;46,44480285;619,16;619,16;0,335412974;1,98;1,98
2032;Öl auf Terminal;728;2727,831709;473,5052808;3070,3;3070,3;559,6701661;45,57195232;615,253;615,253;0,364522406;2,13;2,13
2033;Öl auf Terminal;0;3046,732518;579,2008852;3543,56;3543,56;561,9089758;46,59635144;623,066;623,066;0,296436678;1,74;1,74
2034;Öl auf Terminal;286;2940,682945;524,6194943;3278,32;3278,32;560,5919091;45,84667433;619,16;619,16;0,352433527;2,04;2,04
2035;Öl auf Terminal;585;2839,137892;487,0178014;3198,74;3198,74;560,1117871;44,95800764;619,16;619,16;0,353151029;2,01;2,01
2036;Öl auf Terminal;377;2985,104361;528,9508305;3332,85;3332,85;559,7593242;46,54136557;623,066;623,066;0,355028605;2,02;2,02
2037;Öl auf Terminal;0;3070,716197;576,3342987;3551,38;3551,38;561,5148985;46,86733729;621,113;621,113;0,32393799;1,88;1,88
2038;Öl auf Terminal;0;2982,6569;555,8498673;3422,14;3422,14;560,3298832;45,40301107;619,16;619,16;0,329383345;1,9;1,9
2039;Öl auf Terminal;0;2967,799652;535,8609808;3358,43;3358,43;561,5978183;46,8312582;621,113;621,113;0,300197519;1,8;1,8
2040;Öl auf Terminal;415;2881,754713;520,5648782;3295,08;3295,08;561,2816049;45,31099071;619,16;619,16;0,354546281;2,02;2,02
2041;Öl auf Terminal;0;3002,838703;561,8538064;3494,04;3494,04;559,7332702;48,37217459;619,16;619,16;0,332128492;1,94;1,94
2042;Öl auf Terminal;0;2949,321968;552,5853229;3407,64;3407,64;559,9355605;47,40835648;619,16;619,16;0,336468425;2,02;2,02
2043;Öl auf Terminal;0;2985,117725;546,4431364;3331,44;3331,44;561,6103963;47,78098217;621,113;621,113;0,327038898;1,9;1,9
2044;Öl auf Terminal;191;2949,845786;552,7757022;3373,94;3373,94;561,1318583;46,43627291;617,206;617,206;0,380736809;2,08;2,08
2045;Öl auf Terminal;0;2997,063416;562,597955;3528,09;3528,09;561,4083492;46,92039753;623,066;623,066;0,305349499;1,79;1,79
2046;Öl auf Terminal;0;3076,887905;586,3124513;3591,07;3591,07;562,2935056;48,48807195;619,16;619,16;0,316454905;1,84;1,84
2047;Öl auf Terminal;0;3076,71266;578,5987442;3528,03;3528,03;562,0617665;49,40609447;623,066;623,066;0,325143754;1,92;1,92
2048;Öl auf Terminal;384;2834,048722;506,4866651;3211,39;3211,39;561,7343608;45,39366888;623,066;623,066;0,333119177;1,94;1,94
2049;Öl auf Terminal;892;2695,375901;442,824146;3005,46;3005,46;563,2343446;45,80351556;617,206;617,206;0,359734656;2,06;2,06
2050;Öl auf Terminal;1180;2568,337293;405,2517675;2861,57;2861,57;561,8911909;42,84887795;615,253;615,253;0,362313096;2,07;2,07
2051;Öl auf Terminal;1060;2596,082458;398,1204624;2820,98;2820,98;561,3391366;44,09311214;613,3;613,3;0,375530881;2,11;2,11
2052;Öl auf Terminal;1400;2510,714594;379,4757856;2784,05;2784,05;563,9185261;42,65397439;613,3;613,3;0,372605563;2,13;2,13
2053;Öl auf Terminal;0;3094,17189;586,7461585;3504,29;3504,29;559,5129886;49,22727025;623,066;623,066;0,344094295;2,01;2,01
2054;Öl auf Terminal;0;2937,041704;550,5884942;3471,77;3471,77;563,4270952;48,5112028;619,16;619,16;0,307828488;1,93;1,93
2055;Öl auf Terminal;602;2825,25464;492,7586985;3166,45;3166,45;560,3052887;46,57942146;619,16;619,16;0,377330681;2,10001;2,10001
2056;Öl auf Terminal;116;2951,965053;533,2251862;3310,34;3310,34;561,5439178;45,99263367;623,066;623,066;0,365074203;2,04;2,04
2057;Öl auf Terminal;1930;2585,605833;391,3769133;2824,03;2824,03;565,0193378;45,87538664;619,16;619,16;0,393814877;2,23;2,23
2058;Öl auf Terminal;0;2947,748532;542,6696478;3439,44;3439,44;564,5452435;46,32297251;623,066;623,066;0,290226705;1,66;1,66
2059;Öl auf Terminal;97,8;2953,628853;552,5336972;3347,69;3347,69;562,8118528;46,78188367;623,066;623,066;0,323082085;1,89;1,89
2060;Öl auf Terminal;0;2929,353451;526,8897173;3281,6;3281,6;562,6204606;48,72274735;623,066;623,066;0,357159792;2,08;2,08
2061;Öl auf Terminal;0;3044,147625;582,9113893;3578,45;3578,45;562,0448119;47,89536702;621,113;621,113;0,313612767;1,81;1,81
2062;Öl auf Terminal;502;2847,803605;501,8631238;3192,85;3192,85;563,2128563;46,25326762;619,16;619,16;0,359099932;2,04;2,04
2063;Öl auf Terminal;0;2915,484573;513,3136962;3285,76;3285,76;561,5896164;47,18483651;621,113;621,113;0,324234146;1,92001;1,92001
2064;Öl auf Terminal;0;2879,816799;521,7442804;3357,3;3357,3;562,4924564;47,15807589;623,066;623,066;0,312704596;1,88;1,88
2065;Öl auf Terminal;194;2896,191404;506,6221972;3227,79;3227,79;561,3621904;47,97246673;621,113;621,113;0,341495258;2,03;2,03
2066;Öl auf Terminal;0;3004,487316;564,2405455;3471,31;3471,31;560,5947472;48,55279921;621,113;621,113;0,343522584;1,96999;1,96999
2067;Öl auf Terminal;0;2921,22112;533,0629959;3393,96;3393,96;562,2385728;46,63174301;625,019;625,019;0,309728725;1,83;1,83
2068;Öl auf Terminal;499;2632,251246;424,4829104;2932,52;2932,52;562,804587;45,45405228;621,113;621,113;0,349388765;2,06;2,06
2069;Öl auf Terminal;0;2924,924966;542,485092;3357,04;3357,04;562,3847422;48,57361653;623,066;623,066;0,318712226;1,93;1,93
2070;Öl auf Terminal;457;2955,936665;522,8343854;3275,23;3275,23;563,547425;46,17263613;619,16;619,16;0,347459378;1,94;1,94
2071;Öl auf Terminal;1090;2602,839729;426,1937267;2923,2;2923,2;565,7416616;44,49142685;619,16;619,16;0,376964474;2,16;2,16
2072;Öl auf Terminal;365;2831,591554;502,1034203;3172,7;3172,7;562,3151378;46,49076348;619,16;619,16;0,356102029;2,1;2,1
2073;Öl auf Terminal;0;2992,861432;543,0909335;3395,32;3395,32;561,3214817;47,46821214;619,16;619,16;0,35230916;2,05;2,05
2074;Öl auf Terminal;378;2936,61798;543,6396439;3303,93;3303,93;561,2723226;48,21765138;623,066;623,066;0,358846892;2,04;2,04
2075;Öl auf Terminal;1120;2741,843647;456,1208579;3010,65;3010,65;561,9883347;47,39306462;621,113;621,113;0,409961077;2,34;2,34
2076;Öl auf Terminal;0;2974,415946;549,7429073;3349,71;3349,71;560,3356251;48,03107199;621,113;621,113;0,362484474;2,07999;2,07999
2077;Öl auf Terminal;0;2938,952034;552,9501805;3474,78;3474,78;563,8092932;47,24971245;621,113;621,113;0,331733898;1,91;1,91
2078;Öl auf Terminal;125;2905,390212;563,9619069;3325,75;3325,75;563,9510516;47,78817004;623,066;623,066;0,333176832;1,94;1,94
2079;Öl auf Terminal;0;2969,7077;543,8181711;3362,21;3362,21;562,7458165;49,19457689;626,972;626,972;0,317940652;1,95;1,95
2080;Öl auf Terminal;0;2966,555376;546,1186075;3424,44;3424,44;564,2712087;47,79742612;625,019;625,019;0,347445954;1,97;1,97
2081;Öl auf Terminal;0;2889,428058;532,1856838;3319,02;3319,02;563,8987648;47,39646206;623,066;623,066;0,319956342;1,87;1,87
2082;Öl auf Terminal;0;3030,528628;571,9000277;3485,98;3485,98;562,7925644;49,38503591;623,066;623,066;0,325724248;1,91;1,91
2083;Öl auf Terminal;0;2996,073461;562,6235018;3536,6;3536,6;563,9498625;48,89508895;623,066;623,066;0,326416727;1,9;1,9
2084;Öl auf Terminal;0;2971,468221;553,1366581;3466,88;3466,88;563,5650264;47,87065435;625,019;625,019;0,332247772;1,9;1,9
2085;Öl auf Terminal;0;3092,027927;590,0630803;3630,44;3630,44;563,0950993;50,98225843;625,019;625,019;0,313350535;1,88;1,88
2086;Öl auf Terminal;1220;2748,456833;451,184714;3046,05;3046,05;565,1184138;45,23658129;621,113;621,113;0,355413029;2,04;2,04
2087;Öl auf Terminal;0;3061,954312;589,2283817;3618,12;3618,12;563,3038604;50,42903762;625,019;625,019;0,332228507;1,95;1,95
2088;Öl auf Terminal;225;2879,966711;524,78036;3250,01;3250,01;563,136489;46,7384697;621,113;621,113;0,339818302;1,97;1,97
2089;Öl auf Terminal;1070;2626,242217;418,0215512;2931,42;2931,42;565,5960153;46,36902768;621,113;621,113;0,370166639;2,11;2,11
2090;Öl auf Terminal;0;3032,776425;579,3886715;3534,65;3534,65;562,7006614;49,28079831;625,019;625,019;0,309605308;1,8;1,8
2091;Öl auf Terminal;222;2945,926944;540,1922956;3348,3;3348,3;561,2319973;49,29241539;621,113;621,113;0,436337762;2,38;2,38
2092;Öl auf Terminal;0;3057,905667;579,1208556;3493,15;3493,15;561,6991057;49,54588348;623,066;623,066;0,330392348;1,93;1,93
2093;Öl auf Terminal;505;2965,122246;534,9336952;3312,02;3312,02;561,2158158;48,84217722;623,066;623,066;0,348212249;2,00999;2,00999
2094;Öl auf Terminal;0;3016,006842;564,2138827;3494,37;3494,37;561,7487149;49,95747235;623,066;623,066;0,333166748;1,98;1,98
2095;Öl auf Terminal;312;2950,429912;525,4060401;3288,06;3288,06;562,7192527;45,96985896;621,113;621,113;0,356891992;2,03;2,03
2096;Öl auf Terminal;0;3031,984809;560,6885096;3403,58;3403,58;561,6746865;48,53348733;621,113;621,113;0,338149412;1,98;1,98
2097;Öl auf Terminal;0;2979,351126;563,251984;3433,89;3433,89;563,2015825;47,81004102;623,066;623,066;0,321613559;1,88;1,88
2098;Öl auf Terminal;55,2;2842,096872;521,4118279;3268,06;3268,06;561,46608;45,90166825;619,16;619,16;0,351799982;2,04;2,04
2099;Öl auf Terminal;0;3006,985361;535,993095;3361,1;3361,1;562,9432741;49,25920555;623,066;623,066;0,339241948;1,97;1,97
2100;Öl auf Terminal;0;3031,629738;576,126169;3529,73;3529,73;563,6441623;50,00916129;625,019;625,019;0,31547335;1,89;1,89
2101;Öl auf Terminal;0;3061,359915;590,4596745;3509,46;3509,46;562,2908783;49,84080653;621,113;621,113;0,334527777;1,96;1,96
2102;Öl auf Terminal;0;2941,84899;549,2145862;3450,35;3450,35;564,4602799;47,52928884;623,066;623,066;0,321163681;1,87;1,87
2103;Öl auf Terminal;0;3107,76687;594,3404435;3581,44;3581,44;561,2604857;51,38387769;623,066;623,066;0,333264961;1,94;1,94
2104;Öl auf Terminal;0;3081,005401;587,8419479;3624,74;3624,74;563,2657427;49,36992156;625,019;625,019;0,317214974;1,83;1,83
2105;Öl auf Terminal;0;3015,088223;560,0087987;3450,42;3450,42;562,3903939;50,27731024;625,019;625,019;0,317451607;1,89;1,89
2106;Öl auf Terminal;879;2905,752281;496,2525847;3174,23;3174,23;562,0957467;46,82652911;621,113;621,113;0,355859772;2;2
2107;Öl auf Terminal;0;3060,342813;575,4765726;3508,69;3508,69;561,8179064;48,96233592;623,066;623,066;0,341246249;1,95;1,95
2410;Terminalversatz;2207,851074;1920,684969;208,3503717;2185,13;2185,13;553,5825429;37,46483675;593,524;593,524;0,434591698;2,33;2,33
2411;Terminalversatz;2220,953613;1649,783562;171,8909692;1827,16;1827,16;552,9763115;37,95084664;599,384;599,384;0,455870142;2,55;2,55
2412;Terminalversatz;2150,160156;1698,177409;178,237331;1899,68;1899,68;551,6319808;35,47110741;595,477;595,477;0,464140694;2,46;2,46
2413;Terminalversatz;1982,071411;1611,306484;170,832908;1858,35;1858,35;553,8254539;37,51823929;601,337;601,337;0,51853561;2,8;2,8
2414;Terminalversatz;2124,844971;1604,78156;164,8989152;1804,54;1804,54;552,5067462;35,31698397;597,43;597,43;0,474017475;2,57;2,57
2415;Terminalversatz;1453,393921;1562,737325;207,8832178;2053,95;2053,95;550,8689202;36,91978995;593,524;593,524;0,590225313;3,08;3,08
2416;Terminalversatz;1980,088623;1646,157594;182,0367982;1919,75;1919,75;548,3068127;36,27184473;601,337;601,337;0,556351323;2,9;2,9
2417;Terminalversatz;1638,392822;1658,304293;187,5975359;1977,68;1977,68;549,4289427;36,10771548;597,43;597,43;0,581592166;2,99;2,99
2418;Terminalversatz;1694,129883;1631,246426;189,2331281;2004,47;2004,47;549,2262171;34,35499008;587,42;587,42;0,588910926;3,01;3,01
2419;Terminalversatz;1987,522217;1621,125897;183,0827008;1929,69;1929,69;548,4649846;37,28288545;599,384;599,384;0,517730177;2,8;2,8
2420;Terminalversatz;2219,677734;1662,672126;171,9273881;1877,02;1877,02;545,9347213;34,90646994;597,43;597,43;0,485363953;2,57999;2,57999
2421;Terminalversatz;2162,010254;1707,377823;184,0194399;1924,42;1924,42;554,3133107;36,8086789;601,337;601,337;0,504749605;2,62;2,62
2422;Terminalversatz;2009,201294;1701,557802;186,5976971;1945,35;1945,35;553,3583967;38,24378519;601,337;601,337;0,555946849;3;3
2423;Terminalversatz;1763,60437;1671,700002;191,8888554;2010,2;2010,2;552,5954903;37,46438742;599,384;599,384;0,593402298;3,04;3,04
2424;Terminalversatz;2247,054932;1808,5664;201,2689123;1967,62;1967,62;552,9743319;38,80500981;597,43;597,43;0,4720192;2,53;2,53
2425;Terminalversatz;2132,408691;1722,972469;183,1422111;1927,99;1927,99;549,4288065;38,68499778;599,384;599,384;0,512914455;2,8;2,8
2426;Terminalversatz;2246,114502;1730,087738;186,6459093;1933,73;1933,73;554,785446;37,98252668;599,384;599,384;0,509449772;2,67;2,67
2427;Terminalversatz;2120,874512;1732,965972;187,9375099;1944,7;1944,7;551,4576416;36,73854008;591,571;591,571;0,532923832;2,76;2,76
2428;Terminalversatz;1743,111328;1727,815886;191,5561665;2016,26;2016,26;551,6155692;36,0717151;593,524;593,524;0,586678425;2,97;2,97
2429;Terminalversatz;2219,487305;1814,594518;202,1051067;2032,04;2032,04;553,72203;37,81424647;595,477;595,477;0,515018577;2,6;2,6
2430;Terminalversatz;2208,386963;1721,978193;185,2200264;1916,07;1916,07;547,5756544;38,485651;601,337;601,337;0,489272875;2,64;2,64
2431;Terminalversatz;1935,832886;1655,784766;180,6507826;1934,34;1934,34;550,324619;38,57856224;595,477;595,477;0,567563802;3,07001;3,07001
2432;Terminalversatz;2259,330811;1795,495339;197,9118373;2017,81;2017,81;551,5090675;37,45738337;601,337;601,337;0,484987714;2,54;2,54
2433;Terminalversatz;2170,96582;1722,829645;186,6959722;1910,57;1910,57;554,04499;38,45132974;603,29;603,29;0,520231614;2,7;2,7
2434;Terminalversatz;2078,363037;1743,987088;190,8963887;1973;1973;552,0173915;39,82703148;599,384;599,384;0,537095184;2,86;2,86
2435;Terminalversatz;2259,93457;1763,558965;193,5479039;1985,76;1985,76;553,0815518;39,10132969;599,384;599,384;0,506035206;2,67;2,67
2436;Terminalversatz;2130,127441;1801,350641;197,9782233;2003,65;2003,65;552,4712105;38,74146259;601,337;601,337;0,52104926;2,64;2,64
2437;Terminalversatz;2247,200195;1784,382072;195,0433485;1982,44;1982,44;553,9381479;38,48656292;601,337;601,337;0,503341941;2,62;2,62
2438;Terminalversatz;2111,489502;1756,127009;193,4393393;1976,59;1976,59;554,5395422;36,58350569;593,524;593,524;0,515419557;2,65;2,65
2439;Terminalversatz;2161,561279;1761,775738;192,1079707;1985,97;1985,97;552,4798674;37,18223858;599,384;599,384;0,527445541;2,67;2,67
2440;Terminalversatz;2226,957275;1782,374344;194,2924005;2004,72;2004,72;551,811964;38,85320548;601,337;601,337;0,462547891;2,5;2,5
2441;Terminalversatz;2156,116699;1705,219826;185,5237824;1932,49;1932,49;554,253482;37,97249257;601,337;601,337;0,487704837;2,58;2,58
2442;Terminalversatz;2167,028076;1760,825041;192,9655404;1945,99;1945,99;554,1805164;38,56900829;599,384;599,384;0,500361294;2,68;2,68
2443;Terminalversatz;2118,234619;1805,573144;200,2295745;2011,57;2011,57;553,3683004;35,08860379;593,524;593,524;0,527993183;2,58;2,58
2444;Terminalversatz;2236,486084;1766,990056;194,5526773;1977,58;1977,58;553,3974049;38,63205589;601,337;601,337;0,503652803;2,65;2,65
2445;Terminalversatz;2276,501221;1780,183185;198,2109749;2000,89;2000,89;553,6444875;38,34882342;595,477;595,477;0,517147456;2,72;2,72
2446;Terminalversatz;1884,914795;1751,933403;198,673191;2030,03;2030,03;551,9240954;35,88112361;593,524;593,524;0,572987252;2,85;2,85
2447;Terminalversatz;1943,393555;1739,494454;202,0864187;2045,94;2045,94;549,8837238;39,98386275;595,477;595,477;0,588984649;3,17001;3,17001
2448;Terminalversatz;2177,299805;1825,572396;205,081575;2036,58;2036,58;553,2905422;37,75270909;591,571;591,571;0,538413289;2,74;2,74
2449;Terminalversatz;2219,936523;1872,760512;206,4342675;2092,65;2092,65;551,4705344;38,42041756;603,29;603,29;0,464058909;2,45;2,45
2450;Terminalversatz;2309,778809;1747,475276;187,3856203;1985,93;1985,93;551,617427;36,66636206;601,337;601,337;0,465855847;2,54;2,54
2451;Terminalversatz;1972,781982;1709,77723;189,9334546;2000,01;2000,01;553,5330016;37,0454239;599,384;599,384;0,563805387;2,95;2,95
2452;Terminalversatz;2265,941162;1789,265175;194,7244242;1962,91;1962,91;551,2490974;37,66703842;593,524;593,524;0,516821332;2,67;2,67
2453;Terminalversatz;2205,927734;1738,30309;193,1028671;1981,38;1981,38;554,1295938;38,08770026;601,337;601,337;0,54482808;2,81;2,81
2454;Terminalversatz;2239,168945;1870,848866;210,7686739;2077,34;2077,34;553,7224104;37,83939705;601,337;601,337;0,488587234;2,45;2,45
2455;Terminalversatz;1741,162231;1745,836665;199,5484597;2055,57;2055,57;551,699457;38,71994941;599,384;599,384;0,594586857;3,12;3,12
2456;Terminalversatz;1688,80957;1731,807875;200,7757261;2065,15;2065,15;550,2523602;37,02205953;595,477;595,477;0,604174262;3,05;3,05
2457;Terminalversatz;1431,412109;1729,891284;206,4881721;2154,59;2154,59;546,7784243;35,80869808;599,384;599,384;0,624045338;3,05;3,05
2458;Terminalversatz;1597,83252;1698,281005;195,4854451;2032,02;2032,02;552,1111558;39,61884459;601,337;601,337;0,601219789;3,17;3,17
2459;Terminalversatz;1729,060303;1770,235046;201,6804631;2080,75;2080,75;551,5186324;37,00673112;597,43;597,43;0,590558582;3;3
2460;Terminalversatz;2203,383789;1777,200737;192,0429949;1982,75;1982,75;548,9488439;37,0264426;601,337;601,337;0,473345714;2,49;2,49
2461;Terminalversatz;1806,757202;1716,265614;199,1191224;2063,62;2063,62;550,447557;36,37238699;597,43;597,43;0,558832933;2,92;2,92
2462;Terminalversatz;2029,821655;1740,848636;195,3674966;1989,94;1989,94;548,8086241;37,00916196;601,337;601,337;0,539298239;2,78999;2,78999
2463;Terminalversatz;2233,305664;1791,373827;198,6976195;2013,78;2013,78;553,4608323;37,47652098;593,524;593,524;0,52908124;2,72;2,72
2464;Terminalversatz;2140,163818;1760,6897;193,5104515;1946,68;1946,68;554,4429596;37,77523712;595,477;595,477;0,487290618;2,58;2,58
2465;Terminalversatz;2293,505615;1820,38877;202,7513955;1991,16;1991,16;553,4278357;38,34930373;595,477;595,477;0,478183254;2,50999;2,50999
2466;Terminalversatz;2252,674561;1753,338539;189,6913575;1926,61;1926,61;551,4034812;38,35001673;601,337;601,337;0,476091304;2,53999;2,53999
2467;Terminalversatz;2310,503174;1813,880778;197,2562776;2023,76;2023,76;555,4520771;37,59742122;597,43;597,43;0,4626996;2,41;2,41
2468;Terminalversatz;2209,490479;1760,487716;193,5565547;1959,06;1959,06;554,5579957;40,1758911;603,29;603,29;0,497436343;2,68;2,68
2469;Terminalversatz;2141,172852;1746,602233;189,6642869;1960,78;1960,78;554,1665972;38,47377351;601,337;601,337;0,508372127;2,65;2,65
2470;Terminalversatz;2322,196045;1734,226091;188,5053524;1917,92;1917,92;549,376052;38,11611427;601,337;601,337;0,462538295;2,51;2,51
2471;Terminalversatz;1604,51001;1699,548373;191,4827849;2026,68;2026,68;551,9078591;36,33087284;599,384;599,384;0,608202971;3,08;3,08
2472;Terminalversatz;2261,679932;1794,706429;200,7721038;2013,12;2013,12;552,7822228;37,59407849;595,477;595,477;0,525742261;2,76;2,76
2473;Terminalversatz;2001,428955;1777,448952;197,2664066;2028,2;2028,2;554,2185579;36,10950409;593,524;593,524;0,544475661;2,72;2,72
2474;Terminalversatz;1638,508179;1690,454779;196,5882154;2071,21;2071,21;552,1172771;38,47821044;601,337;601,337;0,613632622;3,13;3,13
2475;Terminalversatz;2219,77002;1838,079835;206,3855584;2021,93;2021,93;553,6839387;38,21222865;597,43;597,43;0,489569013;2,52;2,52
2476;Terminalversatz;2229,256836;1788,543735;199,9979182;2019,05;2019,05;550,4656466;37,54839238;601,337;601,337;0,522066535;2,68;2,68
2477;Terminalversatz;2043,27771;1729,266738;195,5581358;2002,26;2002,26;549,8403513;38,63654436;599,384;599,384;0,562607937;2,96999;2,96999
2478;Terminalversatz;1856,478149;1777,037671;200,461524;2046,21;2046,21;551,1372375;38,97764683;599,384;599,384;0,573434129;2,98;2,98
2479;Terminalversatz;1207,566772;1751,959167;226,2490181;2239,39;2239,39;550,2526072;37,72999043;593,524;593,524;0,677976265;3,29;3,29
2480;Terminalversatz;2252,667725;1778,518243;196,2111085;1989,71;1989,71;549,9386425;36,66781873;595,477;595,477;0,478221517;2,52;2,52
2481;Terminalversatz;2047,273071;1745,778139;194,0736829;2013,31;2013,31;554,0898553;37,76599539;601,337;601,337;0,536532223;2,75;2,75
2482;Terminalversatz;2008,327026;1789,680798;199,9532708;2015,67;2015,67;552,50537;39,5402497;601,337;601,337;0,528849572;2,79;2,79
2483;Terminalversatz;2020,620361;1756,459152;196,6154396;2017,41;2017,41;551,6937195;37,684319;597,43;597,43;0,54279615;2,79;2,79
2484;Terminalversatz;1526,155884;1796,584914;208,7800928;2134,69;2134,69;550,8953887;37,47520009;597,43;597,43;0,607596281;3,03;3,03
2485;Terminalversatz;2358,209961;1781,384481;200,6710585;1984,22;1984,22;553,293309;38,18921869;597,43;597,43;0,490101159;2,60001;2,60001
2486;Terminalversatz;2246,483887;1814,461959;202,8781753;1999,15;1999,15;552,7816193;39,33448179;599,384;599,384;0,501128529;2,7;2,7
2487;Terminalversatz;2055,019043;1745,177089;204,0596197;2030,34;2030,34;550,7332894;39,54598205;599,384;599,384;0,535510911;2,93999;2,93999
2488;Terminalversatz;2062,25;1742,138849;198,8539847;2023,05;2023,05;547,8681689;38,06766131;597,43;597,43;0,544245329;2,87;2,87
2489;Terminalversatz;2150,393311;1775,175432;205,5424003;2039,97;2039,97;552,3053735;39,84469925;595,477;595,477;0,549980167;2,91;2,91
2490;Terminalversatz;2141,373535;1729,439201;191,9398556;1965,01;1965,01;550,5131206;38,71425736;595,477;595,477;0,517858507;2,77;2,77
2491;Terminalversatz;2372,920898;1817,880373;202,7401373;2003,33;2003,33;550,4596963;37,69451405;597,43;597,43;0,487729248;2,55;2,55
2492;Terminalversatz;2094,564941;1817,665213;206,3858755;2069,71;2069,71;551,7446798;37,40524099;599,384;599,384;0,537771188;2,73;2,73
2493;Terminalversatz;2031,767456;1762,479321;200,6036485;2027,86;2027,86;551,9911892;37,5943164;595,477;595,477;0,552118145;2,86;2,86
2494;Terminalversatz;2086,850342;1782,995262;202,1172824;2032,36;2032,36;548,4093372;36,4057375;593,524;593,524;0,52361702;2,65;2,65
2495;Terminalversatz;1387,555664;1706,548116;215,9262248;2163,74;2163,74;550,8800507;38,65554612;595,477;595,477;0,639104776;3,2;3,2
2496;Terminalversatz;1750,354126;1759,346942;201,0041206;2072,4;2072,4;547,2952438;37,31697892;595,477;595,477;0,565514047;2,96;2,96
2497;Terminalversatz;1768,345703;1697,879807;196,902621;2050,54;2050,54;548,7599164;35,50105966;595,477;595,477;0,566736481;2,91;2,91
2498;Terminalversatz;2223,094727;1758,526386;193,1612914;1964,13;1964,13;551,155042;37,4487929;597,43;597,43;0,507892218;2,66;2,66
2499;Terminalversatz;2248,231445;1812,923492;205,8615493;2044,72;2044,72;550,9474365;38,12480652;597,43;597,43;0,48974773;2,6;2,6
2500;Terminalversatz;2134,453857;1734,291511;189,7661942;1926,58;1926,58;552,1314971;38,45799167;593,524;593,524;0,49008092;2,69;2,69
2501;Terminalversatz;2093,90332;1738,775148;199,1776821;2015,98;2015,98;552,7859362;37,63127293;597,43;597,43;0,526474111;2,74;2,74
2502;Terminalversatz;2186,093262;1759,972859;195,7878354;2020,27;2020,27;548,9927959;37,85445698;599,384;599,384;0,528243889;2,78001;2,78001
2503;Terminalversatz;2174,875244;1798,76213;197,7541295;1961,18;1961,18;552,5165228;37,82217629;597,43;597,43;0,49269995;2,57999;2,57999
2504;Terminalversatz;2017,481323;1784,875045;196,8675393;2033,51;2033,51;551,6582693;37,37690348;593,524;593,524;0,527652315;2,73;2,73
2505;Terminalversatz;1479,522827;1729,155715;209,2920285;2161,15;2161,15;550,8045434;37,42813809;595,477;595,477;0,625571444;3,2;3,2
2506;Terminalversatz;2085,11792;1800,656292;202,4652318;2013,82;2013,82;549,5332384;39,65191148;593,524;593,524;0,509014934;2,75;2,75
2507;Terminalversatz;2237,231201;1787,090262;205,7898261;2026,03;2026,03;550,5672849;39,24389302;595,477;595,477;0,519024917;2,82;2,82
2508;Terminalversatz;2406,469482;1840,371529;207,0203856;2035,79;2035,79;551,3684516;39,7162547;597,43;597,43;0,491973331;2,64;2,64
2509;Terminalversatz;1606,889771;1719,397283;213,15185;2139,88;2139,88;552,1767954;38,89011887;597,43;597,43;0,620573963;3,23;3,23
2510;Leitungsversatz/Schweißkurven;2584,815186;1496,984688;509,5865313;1890,18;1890,18;556,2953448;32,43850587;601,337;601,337;0,901835572;3,71;3,71
2511;Leitungsversatz/Schweißkurven;2777,155518;1667,864518;451,1106406;2000,11;2000,11;554,097198;39,17974863;601,337;601,337;0,795332244;3,62;3,62
2512;Leitungsversatz/Schweißkurven;2506,76001;1404,736245;686,552228;2002,93;2002,93;555,5548268;27,69433417;603,29;603,29;1,101892341;3,87;3,87
2513;Leitungsversatz/Schweißkurven;2612,61377;1502,540441;543,5507302;1923,64;1923,64;555,0061627;31,67506993;599,384;599,384;1,043457151;3,98;3,98
2514;Leitungsversatz/Schweißkurven;2645,829834;1769,306656;422,5200657;2054,41;2054,41;552,854046;42,42877571;603,29;603,29;0,733437139;3,55;3,55
2515;Leitungsversatz/Schweißkurven;2733,131592;1666,350471;486,9220107;1995,3;1995,3;554,4437589;37,61669039;599,384;599,384;0,862175553;3,75;3,75
2516;Leitungsversatz/Schweißkurven;2666,10498;1750,353886;445,9345194;2051,44;2051,44;554,6089138;40,46563831;603,29;603,29;0,770332411;3,62;3,62
2517;Leitungsversatz/Schweißkurven;2730,403564;1806,363539;446,5291796;2079,68;2079,68;554,1689486;42,81639521;603,29;603,29;0,746471938;3,62;3,62
2518;Leitungsversatz/Schweißkurven;2556,234375;1635,834922;478,9245365;1968,42;1968,42;554,9868534;37,08256711;603,29;603,29;0,876703883;3,78001;3,78001
2519;Leitungsversatz/Schweißkurven;2695,215088;1763,364167;451,5119409;2061,81;2061,81;555,0758047;39,35058796;605,243;605,243;0,779750071;3,65;3,65
2520;Leitungsversatz/Schweißkurven;2648,315186;1567,581739;542,9840096;1978,4;1978,4;555,8001257;32,34838337;601,337;601,337;0,923032123;3,73;3,73
2521;Leitungsversatz/Schweißkurven;2749,084229;1744,524216;482,2305594;2052,39;2052,39;555,1548469;38,6244031;603,29;603,29;0,840214851;3,68;3,68
2522;Leitungsversatz/Schweißkurven;2704,77832;1837,971599;397,8491581;2076,77;2076,77;553,7981512;44,37848228;603,29;603,29;0,675420968;3,47;3,47
2523;Leitungsversatz/Schweißkurven;2751,584229;1750,990548;465,4148821;2079,15;2079,15;553,960368;39,58944741;601,337;601,337;0,741965993;3,54;3,54
2524;Leitungsversatz/Schweißkurven;2693,313965;1867,501077;354,8376686;2075,03;2075,03;552,3406806;47,22943266;601,337;601,337;0,654906135;3,52;3,52
2525;Leitungsversatz/Schweißkurven;2860,153076;1878,041121;382,2266132;2124,15;2124,15;553,6510201;45,65213357;605,243;605,243;0,652446609;3,41;3,41
2526;Leitungsversatz/Schweißkurven;2667,472656;1837,046414;409,3496561;2071,62;2071,62;554,5067094;44,79365185;605,243;605,243;0,685781592;3,52;3,52
2527;Leitungsversatz/Schweißkurven;2723,825439;1789,856601;415,4280677;2059,88;2059,88;554,6831867;42,88570182;605,243;605,243;0,750593398;3,69;3,69
2528;Leitungsversatz/Schweißkurven;2679,973877;1849,24703;422,502009;2113,81;2113,81;554,4962138;45,86974562;607,196;607,196;0,693269904;3,55;3,55
2529;Leitungsversatz/Schweißkurven;2727,721924;1844,893783;393,8250126;2072,72;2072,72;554,6722178;44,13374022;603,29;603,29;0,713128447;3,64;3,64
2530;Leitungsversatz/Schweißkurven;2641,281982;1607,739957;532,1153103;1984,75;1984,75;556,8286488;33,79426226;605,243;605,243;0,99358066;3,95;3,95
2531;Leitungsversatz/Schweißkurven;2767,249756;1871,310784;381,1633039;2106,52;2106,52;555,6356371;44,39130274;607,196;607,196;0,624886365;3,27;3,27
2532;Leitungsversatz/Schweißkurven;2742,678223;1788,1425;429,7789642;2044,84;2044,84;553,0715503;42,19622017;605,243;605,243;0,820609224;3,79;3,79
2533;Leitungsversatz/Schweißkurven;2627,212891;1815,748053;430,1922408;2101,12;2101,12;553,9690211;44,4299761;605,243;605,243;0,741326923;3,69;3,69
2534;Leitungsversatz/Schweißkurven;2522,128418;1833,992749;406,0422652;2084,68;2084,68;553,7127997;43,9431514;601,337;601,337;0,741604896;3,7;3,7
2535;Leitungsversatz/Schweißkurven;2738,701172;1806,28401;360,4403319;2030,17;2030,17;553,7961315;46,52737569;607,196;607,196;0,651697711;3,53;3,53
2536;Leitungsversatz/Schweißkurven;2696,556152;1684,886124;514,6006508;2044,59;2044,59;556,4114753;40,02860197;607,196;607,196;0,853735778;3,81;3,81
2537;Leitungsversatz/Schweißkurven;2680,640869;1778,784856;443,5170191;2054,77;2054,77;555,3113711;42,35054521;607,196;607,196;0,766222441;3,67001;3,67001
2538;Leitungsversatz/Schweißkurven;2685,690674;1768,501607;461,6470235;2064,81;2064,81;555,605868;40,24688612;605,243;605,243;0,817189204;3,74;3,74
2539;Leitungsversatz/Schweißkurven;2729,606201;1784,312398;459,5570184;2060,86;2060,86;554,4787047;41,56642851;605,243;605,243;0,801718947;3,74;3,74
2540;Leitungsversatz/Schweißkurven;2775,30249;1678,605004;475,8213425;2009,8;2009,8;555,8431972;37,26372441;601,337;601,337;0,787017077;3,58;3,58
2541;Leitungsversatz/Schweißkurven;2525,223145;1773,087238;499,5165577;2108,6;2108,6;553,8165775;38,88683511;603,29;603,29;0,917419071;3,93;3,93
2542;Leitungsversatz/Schweißkurven;2641,597168;1776,361688;455,1693154;2090,88;2090,88;551,9572793;40,70686792;601,337;601,337;0,844838875;3,86;3,86
2543;Leitungsversatz/Schweißkurven;2645,999756;1854,1444;390,7115571;2080,18;2080,18;553,3088071;43,94840404;601,337;601,337;0,680781831;3,48;3,48
2544;Leitungsversatz/Schweißkurven;2670,678955;1761,007479;478,2389078;2071,63;2071,63;554,5514747;39,70147282;601,337;601,337;0,799263291;3,65;3,65
2545;Leitungsversatz/Schweißkurven;2659,64917;1837,798535;447,1679003;2109,63;2109,63;553,5397071;41,89503872;601,337;601,337;0,781532444;3,67001;3,67001
2546;Leitungsversatz/Schweißkurven;2715,086182;1794,75297;447,9252725;2111,92;2111,92;555,2541669;40,69647311;601,337;601,337;0,723732573;3,5;3,5
2547;Leitungsversatz/Schweißkurven;2780,893066;1719,317198;449,1710493;2022,98;2022,98;556,0663451;39,68626686;603,29;603,29;0,80521424;3,7;3,7
2548;Leitungsversatz/Schweißkurven;2762,045898;1819,190039;401,3840198;2061,89;2061,89;554,7597412;44,59243428;605,243;605,243;0,689398907;3,51;3,51
2549;Leitungsversatz/Schweißkurven;2856,765625;1877,957994;400,2225973;2105,87;2105,87;553,1804078;46,66907997;601,337;601,337;0,682301946;3,56;3,56
2550;Leitungsversatz/Schweißkurven;2371,120117;1575,866444;511,2037236;1961,46;1961,46;555,434785;32,35940102;599,384;599,384;0,907152857;3,79;3,79
2551;Leitungsversatz/Schweißkurven;2367,425537;1710,346576;506,4157342;2073,89;2073,89;555,0039362;36,5889914;599,384;599,384;0,889090573;3,78;3,78
2552;Leitungsversatz/Schweißkurven;2656,402832;1794,518454;419,5014186;2059,77;2059,77;553,1382728;43,01532101;603,29;603,29;0,762177388;3,7;3,7
2553;Leitungsversatz/Schweißkurven;2745,668213;1754,19125;501,0498071;2053,5;2053,5;554,4152056;40,52767524;605,243;605,243;0,862353021;3,86;3,86
2554;Leitungsversatz/Schweißkurven;2780,716309;1869,113704;402,0305148;2104,17;2104,17;553,0290692;45,41650446;605,243;605,243;0,679608297;3,51;3,51
2555;Leitungsversatz/Schweißkurven;2783,590088;1859,919031;377,2528575;2071,04;2071,04;553,2381786;44,47481021;601,337;601,337;0,640831795;3,42;3,42
2556;Leitungsversatz/Schweißkurven;2762,297119;1836,822391;400,5228541;2087,62;2087,62;552,6367444;43,70189692;603,29;603,29;0,678575766;3,54;3,54
2557;Leitungsversatz/Schweißkurven;2609,814209;1905,409148;376,6353722;2123,48;2123,48;553,1921952;45,11815953;603,29;603,29;0,661168912;3,5;3,5
2558;Leitungsversatz/Schweißkurven;2678,337891;1809,557669;400,8684462;2059,81;2059,81;554,7541771;43,32488306;607,196;607,196;0,691767289;3,53;3,53
2559;Leitungsversatz/Schweißkurven;2741,848389;1888,628385;353,3014058;2096,26;2096,26;554,6208273;46,09491331;607,196;607,196;0,610341363;3,34;3,34
2560;Leitungsversatz/Schweißkurven;2301,904297;1885,201409;548,3792955;2308,42;2308,42;551,1757076;35,3598229;597,43;597,43;0,889705908;3,62;3,62
2561;Leitungsversatz/Schweißkurven;2628,965576;1686,572928;527,3790847;2033,14;2033,14;556,1528509;36,77729815;603,29;603,29;0,865474365;3,71;3,71
2562;Leitungsversatz/Schweißkurven;2555,208984;1471,625303;538,1850996;1875,97;1875,97;557,1538546;31,71958781;601,337;601,337;1,027942454;4,07999;4,07999
2563;Leitungsversatz/Schweißkurven;2708,121338;1668,69794;491,9364063;1994,84;1994,84;556,0948127;39,11938869;605,243;605,243;0,894596883;3,86;3,86
2564;Leitungsversatz/Schweißkurven;2534,981201;1442,91785;529,5097522;1878,26;1878,26;557,5867268;32,65443943;601,337;601,337;1,000258939;4,02;4,02
2565;Leitungsversatz/Schweißkurven;2636,687988;1699,927306;458,6017104;2033,6;2033,6;555,4775179;37,48720748;601,337;601,337;0,774637726;3,55;3,55
2566;Leitungsversatz/Schweißkurven;2680,719482;1734,486447;516,9833439;2091,43;2091,43;554,5934536;37,62595369;601,337;601,337;0,857385344;3,77;3,77
2567;Leitungsversatz/Schweißkurven;2622,428955;1538,742624;504,3538693;1932,13;1932,13;555,285824;34,40499618;599,384;599,384;0,96013644;3,97;3,97
2568;Leitungsversatz/Schweißkurven;2631,425049;1534,72113;536,0057431;1937,01;1937,01;553,9935681;35,42588099;601,337;601,337;1,038505001;4,16;4,16
2569;Leitungsversatz/Schweißkurven;2659,151855;1810,865617;427,8392337;2076,02;2076,02;553,2527008;44,08659585;603,29;603,29;0,713874095;3,56;3,56
2570;Leitungsversatz/Schweißkurven;2383,419434;1704,567415;506,9070461;2063,36;2063,36;552,708244;34,23748244;595,477;595,477;0,874399803;3,7;3,7
2571;Leitungsversatz/Schweißkurven;2540,564941;1742,41937;443,7208322;2037,87;2037,87;552,896912;39,83500013;603,29;603,29;0,828061901;3,79;3,79
2572;Leitungsversatz/Schweißkurven;2532,068359;1716,485312;466,6789315;2035,43;2035,43;552,8775793;41,77135741;605,243;605,243;0,782831376;3,68;3,68
2573;Leitungsversatz/Schweißkurven;2621,987793;1803,485973;383,2734995;2029,63;2029,63;549,9954821;43,64745373;597,43;597,43;0,67561936;3,51;3,51
2574;Leitungsversatz/Schweißkurven;2598,691895;1596,30657;528,92672;1984,31;1984,31;553,3831196;34,4999956;601,337;601,337;0,929301825;3,83;3,83
2575;Leitungsversatz/Schweißkurven;2761,487793;1799,164906;425,2532743;2053,9;2053,9;552,1646147;43,41748582;603,29;603,29;0,724663649;3,59;3,59
2576;Leitungsversatz/Schweißkurven;2627,633301;1768,466712;421,3329895;2019,56;2019,56;551,4061368;43,71668303;599,384;599,384;0,777400459;3,78;3,78
2577;Leitungsversatz/Schweißkurven;2470,248047;1500,134346;467,2246374;1887,11;1887,11;554,7305677;36,42179897;603,29;603,29;0,953460712;4,07999;4,07999
2578;Leitungsversatz/Schweißkurven;2631,744629;1831,220814;417,9175373;2088,99;2088,99;553,216991;41,97844351;601,337;601,337;0,699564447;3,46001;3,46001
2579;Leitungsversatz/Schweißkurven;2525,796631;1843,716586;429,3520012;2101,81;2101,81;551,9308094;43,43176796;601,337;601,337;0,700692096;3,52;3,52
2580;Leitungsversatz/Schweißkurven;2638,626465;1608,6476;445,7776904;1948,15;1948,15;554,6839149;34,4163168;597,43;597,43;0,804511957;3,61;3,61
2581;Leitungsversatz/Schweißkurven;2584,419434;1758,891461;448,2605807;2061,07;2061,07;551,792028;40,43430313;599,384;599,384;0,793433232;3,71001;3,71001
2582;Leitungsversatz/Schweißkurven;2532,566406;1815,29881;434,5837285;2087,47;2087,47;550,0125164;42,9981614;601,337;601,337;0,755696177;3,65;3,65
2583;Leitungsversatz/Schweißkurven;2578,3396;1775,887481;429,8960838;2046,42;2046,42;552,7912026;41,13472174;603,29;603,29;0,723326068;3,53;3,53
2584;Leitungsversatz/Schweißkurven;2499,162109;1781,384928;375,8671587;2011,63;2011,63;550,604885;44,95522097;599,384;599,384;0,701536171;3,64;3,64
2585;Leitungsversatz/Schweißkurven;2523,563965;1885,398594;435,0076423;2163,91;2163,91;550,2151747;43,04048806;599,384;599,384;0,773623105;3,73;3,73
2586;Leitungsversatz/Schweißkurven;2637,849854;1784,301897;442,1951726;2073,12;2073,12;553,9654842;40,15449499;603,29;603,29;0,730556318;3,5;3,5
2587;Leitungsversatz/Schweißkurven;2713,899902;1873,802547;425,1156211;2118,44;2118,44;549,805949;44,92101209;603,29;603,29;0,671160579;3,47;3,47
2588;Leitungsversatz/Schweißkurven;2461,232422;1812,722918;373,0143361;2018,04;2018,04;549,4279867;44,99952839;601,337;601,337;0,72144145;3,74001;3,74001
2589;Leitungsversatz/Schweißkurven;2714,81543;1869,783743;373,349083;2082,13;2082,13;551,3037054;45,45383883;601,337;601,337;0,656361559;3,5;3,5
2590;Leitungsversatz/Schweißkurven;2357,281494;1702,545777;492,207659;2050,08;2050,08;552,4706271;35,61776754;599,384;599,384;0,867244789;3,75;3,75
2591;Leitungsversatz/Schweißkurven;2735,651611;1755,95126;400,9996487;2025,82;2025,82;553,0099796;40,96827662;599,384;599,384;0,706929204;3,48;3,48
2592;Leitungsversatz/Schweißkurven;2411,299316;1521,05713;556,8957882;1945,86;1945,86;554,0889041;31,83187231;599,384;599,384;1,081157898;4,17;4,17
2593;Leitungsversatz/Schweißkurven;2568,878418;1784,587258;451,3270635;2058,47;2058,47;550,1673324;41,76565707;601,337;601,337;0,886243412;3,93;3,93
2594;Leitungsversatz/Schweißkurven;2560,321777;1643,832245;482,4902442;1982,18;1982,18;552,5835958;40,022769;601,337;601,337;0,852592644;3,82999;3,82999
2595;Leitungsversatz/Schweißkurven;2524,695801;1796,715005;467,9135186;2065,49;2065,49;552,4353035;40,58877519;599,384;599,384;0,756105174;3,55;3,55
2596;Leitungsversatz/Schweißkurven;2610,47168;1872,235752;415,3444541;2112,19;2112,19;548,85524;44,42362923;601,337;601,337;0,719474061;3,64;3,64
2597;Leitungsversatz/Schweißkurven;2498,555664;1658,988426;447,8063323;1946,17;1946,17;553,1751431;39,4144115;601,337;601,337;0,846698461;3,82;3,82
2598;Leitungsversatz/Schweißkurven;2569,935547;1824,416012;383,815436;2042,76;2042,76;550,7044771;44,35231557;601,337;601,337;0,739482689;3,74;3,74
2599;Leitungsversatz/Schweißkurven;2683,2229;1797,539107;416,3660906;2076,33;2076,33;551,5297042;43,349928;603,29;603,29;0,776971087;3,78;3,78
2600;Leitungsversatz/Schweißkurven;2599,033936;1703,128466;422,2804465;1995,15;1995,15;554,3426337;37,01679176;601,337;601,337;0,754081138;3,49001;3,49001
2601;Leitungsversatz/Schweißkurven;2561,353271;1588,812053;514,3548235;1958,07;1958,07;554,5932881;35,056954;603,29;603,29;0,926951021;3,87;3,87
2602;Leitungsversatz/Schweißkurven;2203,894043;1360,183314;352,8505112;1609,55;1609,55;556,5622397;33,67961655;595,477;595,477;0,868926014;3,92;3,92
2603;Leitungsversatz/Schweißkurven;2528,725098;1803,93985;415,512852;2052,52;2052,52;551,3844696;44,19570129;603,29;603,29;0,723435004;3,57;3,57
2604;Leitungsversatz/Schweißkurven;2652,192627;1729,131164;465,5112404;2015,59;2015,59;552,5807192;41,68886255;601,337;601,337;0,814532825;3,79;3,79
2605;Leitungsversatz/Schweißkurven;2535,886475;1741,142646;463,1636647;2027,8;2027,8;552,2001652;41,36568984;601,337;601,337;0,87221459;3,95;3,95
2606;Leitungsversatz/Schweißkurven;2480,427002;1559,685207;461,7879023;1914,88;1914,88;554,9249642;35,19000356;599,384;599,384;0,852539168;3,77;3,77
2607;Leitungsversatz/Schweißkurven;2570,657471;1774,062412;393,9749818;2016,21;2016,21;552,6279208;41,1080392;599,384;599,384;0,695118467;3,47;3,47
2608;Leitungsversatz/Schweißkurven;2580,226563;1744,925461;450,6411244;2046,57;2046,57;553,6395219;41,35619597;601,337;601,337;0,751446718;3,58;3,58
2609;Leitungsversatz/Schweißkurven;2686,912598;1876,927366;405,5164384;2108,07;2108,07;549,8639638;44,23563107;603,29;603,29;0,667975956;3,48;3,48
2929;Sontrodeneinsätze gewechselt;2602,981689;1858,366835;212,1961307;2096,22;2096,22;561,6624753;42,28843324;617,206;617,206;0,422149718;2,39999;2,39999
2930;Sontrodeneinsätze gewechselt;2426,892334;1936,718894;229,7852608;2129,7;2129,7;563,7920367;42,24673054;621,113;621,113;0,407423642;2,34;2,34
2931;Sontrodeneinsätze gewechselt;2683,595947;1934,580109;226,0979397;2158,92;2158,92;563,3665278;42,0078561;615,253;615,253;0,423338393;2,38;2,38
2932;Sontrodeneinsätze gewechselt;2718,185303;1947,519034;233,4844242;2152,81;2152,81;563,3198785;42,5412651;619,16;619,16;0,430696934;2,41;2,41
2933;Sontrodeneinsätze gewechselt;2630,02002;1948,308375;232,462014;2123,69;2123,69;563,0625226;44,58616931;615,253;615,253;0,430325741;2,46;2,46
2934;Sontrodeneinsätze gewechselt;2685,897949;1959,91475;233,3800276;2161,74;2161,74;562,559798;42,36336448;619,16;619,16;0,433416054;2,39;2,39
2935;Sontrodeneinsätze gewechselt;2384,874023;1970,466999;234,1115148;2226,59;2226,59;563,6550784;42,60093569;617,206;617,206;0,416217599;2,34;2,34
2936;Sontrodeneinsätze gewechselt;2785,163818;1959,239048;234,1781138;2162,08;2162,08;564,592544;41,5645267;613,3;613,3;0,42161315;2,34;2,34
2937;Sontrodeneinsätze gewechselt;2730,0354;1920,226457;226,9303049;2119,36;2119,36;562,5582215;40,94072792;619,16;619,16;0,434725375;2,36;2,36
2938;Sontrodeneinsätze gewechselt;2777,969238;1946,211226;230,6403943;2145,7;2145,7;563,4940768;43,08629632;621,113;621,113;0,420520036;2,34;2,34
2939;Sontrodeneinsätze gewechselt;2558,9646;1917,870153;223,9554253;2143,51;2143,51;563,3076743;41,28495131;613,3;613,3;0,385934657;2,14001;2,14001
2940;Sontrodeneinsätze gewechselt;2263,554199;1927,410298;230,1205884;2149,63;2149,63;563,215957;43,54830101;613,3;613,3;0,39400571;2,35;2,35
2941;Sontrodeneinsätze gewechselt;2301,888672;1931,450404;227,8477517;2187,2;2187,2;563,604254;43,93441542;621,113;621,113;0,382989125;2,21999;2,21999
2942;Sontrodeneinsätze gewechselt;2650,239258;1980,567498;239,1939578;2196,65;2196,65;565,2792883;42,18512166;613,3;613,3;0,411473839;2,32;2,32
2943;Sontrodeneinsätze gewechselt;2214,44751;1949,735708;234,0631752;2169,18;2169,18;560,4970489;43,66447772;621,113;621,113;0,456896376;2,54;2,54
2944;Sontrodeneinsätze gewechselt;2502,467285;1972,47455;235,9982039;2200,77;2200,77;562,5941183;43,36732568;617,206;617,206;0,425151836;2,37;2,37
2945;Sontrodeneinsätze gewechselt;2615,430176;1994,288431;236,2434643;2209,18;2209,18;564,471576;43,10354547;615,253;615,253;0,410056382;2,32;2,32
2946;Sontrodeneinsätze gewechselt;2491,273193;1987,386608;238,4920245;2161,28;2161,28;563,312279;40,80831896;621,113;621,113;0,422968865;2,27;2,27
2947;Sontrodeneinsätze gewechselt;2508,520996;1933,640515;234,1060867;2129,14;2129,14;561,098809;43,89012591;623,066;623,066;0,411113242;2,35;2,35
2948;Sontrodeneinsätze gewechselt;2273,802246;1995,772208;245,3541737;2222,83;2222,83;562,0931392;43,72460412;613,3;613,3;0,449315565;2,53;2,53
2949;Sontrodeneinsätze gewechselt;2641,564941;1944,040358;230,5304841;2158,92;2158,92;561,1363508;43,08142376;621,113;621,113;0,420424658;2,4;2,4
2950;Sontrodeneinsätze gewechselt;2655,901367;1948,14525;226,7195049;2131,83;2131,83;564,5763087;42,19469066;621,113;621,113;0,425329927;2,36;2,36
2951;Sontrodeneinsätze gewechselt;2641,239746;1967,039372;230,7784808;2181,86;2181,86;563,2859248;41,96528613;617,206;617,206;0,431038278;2,38;2,38
2952;Sontrodeneinsätze gewechselt;2602,067383;1969,229152;236,3581839;2244,04;2244,04;563,549556;42,25791306;623,066;623,066;0,394401136;2,16;2,16
2953;Sontrodeneinsätze gewechselt;2315,575684;1971,417309;238,7222839;2157,32;2157,32;565,402354;42,77006917;617,206;617,206;0,424881721;2,36;2,36
2954;Sontrodeneinsätze gewechselt;2614,953125;2066,313495;253,3696005;2315,15;2315,15;564,1320967;41,25482588;615,253;615,253;0,407755901;2,13;2,13
2955;Sontrodeneinsätze gewechselt;2784,39917;1982,117101;234,7376583;2163,04;2163,04;562,9190424;41,64224936;619,16;619,16;0,432159624;2,31;2,31
2956;Sontrodeneinsätze gewechselt;2720,913574;1954,179679;230,1579632;2166,83;2166,83;565,3986718;41,30670098;615,253;615,253;0,425602999;2,29;2,29
2957;Sontrodeneinsätze gewechselt;2759,019531;1999,740336;240,9926904;2190,45;2190,45;562,5991817;42,00161799;621,113;621,113;0,432215751;2,32;2,32
2958;Sontrodeneinsätze gewechselt;2647,516602;1954,798619;231,351661;2154,51;2154,51;563,3807721;41,1316091;623,066;623,066;0,419107048;2,25;2,25
2959;Sontrodeneinsätze gewechselt;2581,049316;2011,906492;241,220763;2292,44;2292,44;566,5512695;41,51503625;619,16;619,16;0,379324437;2,02;2,02
2960;Sontrodeneinsätze gewechselt;2622,932617;1957,82354;233,6050343;2160,31;2160,31;566,4765012;42,6301711;625,019;625,019;0,428098751;2,36;2,36
2961;Sontrodeneinsätze gewechselt;2760,177979;1938,900998;228,7546447;2163,25;2163,25;565,992602;42,9918554;625,019;625,019;0,423606506;2,32;2,32
2962;Sontrodeneinsätze gewechselt;2858,222656;1958,79187;236,3240873;2204,73;2204,73;564,2255099;43,68320777;625,019;625,019;0,419257596;2,38;2,38
2963;Sontrodeneinsätze gewechselt;2682,567383;1966,507088;235,4567861;2201,34;2201,34;566,3253014;43,51903363;619,16;619,16;0,40333923;2,29;2,29
2964;Sontrodeneinsätze gewechselt;2627,864746;2011,683163;243,4239828;2298,23;2298,23;565,4063938;42,03666444;625,019;625,019;0,395762843;2,11;2,11
2965;Sontrodeneinsätze gewechselt;2621,033203;1932,493677;229,7476449;2145,53;2145,53;565,4158026;42,95541466;625,019;625,019;0,400561826;2,21;2,21
2966;Sontrodeneinsätze gewechselt;2637,412842;1950,32069;233,4786664;2142,63;2142,63;563,811639;43,18470105;619,16;619,16;0,413939611;2,32999;2,32999
2967;Sontrodeneinsätze gewechselt;2607,081787;1962,778036;233,8458982;2194,78;2194,78;565,6323529;40,79030536;617,206;617,206;0,398734394;2,18999;2,18999
2968;Sontrodeneinsätze gewechselt;2844,25293;1930,062522;235,1411302;2133,42;2133,42;564,3508985;45,00001635;619,16;619,16;0,456229228;2,57;2,57
2969;Sontrodeneinsätze gewechselt;2453,782471;1873,330417;216,6049539;2099,43;2099,43;563,3870521;42,3880695;621,113;621,113;0,431392025;2,42999;2,42999
2970;Sontrodeneinsätze gewechselt;2622,753418;1936,684314;233,2006173;2176,18;2176,18;563,2944733;42,72569372;617,206;617,206;0,414149026;2,34;2,34
2971;Sontrodeneinsätze gewechselt;2623,455322;1919,783785;227,5267284;2115,64;2115,64;565,4025308;44,04970577;623,066;623,066;0,419853804;2,34;2,34
2972;Sontrodeneinsätze gewechselt;2661,989746;1984,215383;239,2536432;2228,84;2228,84;564,056764;44,43915956;625,019;625,019;0,391965094;2,23;2,23
2973;Sontrodeneinsätze gewechselt;2805,285156;1946,895898;230,9799418;2159,41;2159,41;564,6543323;43,08423456;617,206;617,206;0,438336597;2,37;2,37
2974;Sontrodeneinsätze gewechselt;2667,585205;1922,139452;227,6072509;2157,56;2157,56;566,5708289;44,36577904;623,066;623,066;0,426335097;2,36;2,36
2975;Sontrodeneinsätze gewechselt;2469,945313;1936,628744;232,3716569;2164,58;2164,58;562,4755486;43,3754725;625,019;625,019;0,443670646;2,44;2,44
2976;Sontrodeneinsätze gewechselt;2485,165771;1916,049599;228,8018375;2126,89;2126,89;564,8799836;41,9018778;623,066;623,066;0,439381905;2,42;2,42
2977;Sontrodeneinsätze gewechselt;2805,790527;1961,425554;231,2899562;2174,04;2174,04;566,8868158;42,40151536;619,16;619,16;0,440575146;2,38;2,38
2978;Sontrodeneinsätze gewechselt;2317,215088;1997,889312;242,3322433;2206,43;2206,43;565,337143;44,30146744;621,113;621,113;0,45564935;2,46;2,46
2979;Sontrodeneinsätze gewechselt;2617,244141;1872,265302;222,7152699;2079,78;2079,78;565,9042279;41,88667899;621,113;621,113;0,431485433;2,39;2,39
2980;Sontrodeneinsätze gewechselt;2603,562012;1958,713373;233,4465898;2156,69;2156,69;568,4251732;42,76318516;625,019;625,019;0,410049824;2,25;2,25
2981;Sontrodeneinsätze gewechselt;2672,74585;1966,918623;237,3537626;2202,14;2202,14;565,4606294;41,70465911;625,019;625,019;0,428383801;2,29;2,29
2982;Sontrodeneinsätze gewechselt;2617,039063;1960,900988;235,3444506;2200;2200;565,2797283;43,02996538;617,206;617,206;0,412344199;2,3;2,3
2983;Sontrodeneinsätze gewechselt;2494,322021;1927,1542;231,8278627;2122,22;2122,22;566,248227;42,65645219;623,066;623,066;0,421464147;2,32;2,32
2984;Sontrodeneinsätze gewechselt;2670,8396;1938,896507;233,6715781;2144,31;2144,31;566,9723944;43,89517116;621,113;621,113;0,442826503;2,45;2,45
2985;Sontrodeneinsätze gewechselt;2794,99292;1944,94881;234,5962957;2166,89;2166,89;566,1249536;41,79799002;625,019;625,019;0,457034531;2,44;2,44
2986;Sontrodeneinsätze gewechselt;2722,726563;1969,206016;232,3569108;2171,3;2171,3;566,9815741;42,45764808;619,16;619,16;0,394857506;2,21;2,21
2987;Sontrodeneinsätze gewechselt;2506,806641;1972,119316;237,0743823;2235,37;2235,37;568,3062165;43,8091664;619,16;619,16;0,416242124;2,31;2,31
2988;Sontrodeneinsätze gewechselt;2768,966797;1967,861201;231,5405713;2183,81;2183,81;566,2364606;43,23142565;626,972;626,972;0,402003992;2,27;2,27
2989;Sontrodeneinsätze gewechselt;2687,950684;1908,659589;218,3311156;2148,96;2148,96;569,4526842;42,14575714;617,206;617,206;0,418647855;2,31;2,31
2990;Sontrodeneinsätze gewechselt;2615,982178;1925,7765;228,3801445;2148,6;2148,6;569,0212976;41,79992452;617,206;617,206;0,426743464;2,35;2,35
2991;Sontrodeneinsätze gewechselt;2679,039063;1956,156135;236,8527595;2179,14;2179,14;568,6439904;43,62213634;625,019;625,019;0,465502726;2,51;2,51
2992;Sontrodeneinsätze gewechselt;2599,177246;1947,578646;232,0570719;2203,09;2203,09;569,4333766;44,42898567;626,972;626,972;0,400234592;2,3;2,3
2993;Sontrodeneinsätze gewechselt;2621,202637;1991,854577;235,9875112;2195,12;2195,12;569,3374254;42,04470953;621,113;621,113;0,417059472;2,24001;2,24001
2994;Sontrodeneinsätze gewechselt;2671,11377;1959,671015;233,7301806;2180,81;2180,81;568,5382008;42,77782185;617,206;617,206;0,424418241;2,35;2,35
2995;Sontrodeneinsätze gewechselt;2587,714355;1947,826562;232,0073971;2153,79;2153,79;567,3579666;41,69677505;619,16;619,16;0,429918637;2,36;2,36
2996;Sontrodeneinsätze gewechselt;2809,430908;1953,079053;234,6490525;2151,06;2151,06;567,939353;44,59347474;621,113;621,113;0,439714531;2,4;2,4
2997;Sontrodeneinsätze gewechselt;2656,869873;1974,901272;239,5007881;2171,03;2171,03;567,3831946;43,30014903;619,16;619,16;0,480927338;2,56;2,56
2998;Sontrodeneinsätze gewechselt;2649,299072;1996,129872;237,3812104;2223,65;2223,65;569,0102137;42,34952282;621,113;621,113;0,417775212;2,25999;2,25999
2999;Sontrodeneinsätze gewechselt;2525,26709;1943,238719;233,8482581;2167,27;2167,27;569,2917872;42,85218438;625,019;625,019;0,383401698;2,16;2,16
3000;Sontrodeneinsätze gewechselt;2531,229492;1937,033606;230,9033696;2141,33;2141,33;567,7234218;43,25886968;626,972;626,972;0,415848899;2,35;2,35
3001;Sontrodeneinsätze gewechselt;2556,080322;1895,687518;223,032001;2145,7;2145,7;565,8898103;43,71183673;623,066;623,066;0,398709958;2,27;2,27
3002;Sontrodeneinsätze gewechselt;2684,099609;1973,131339;237,5194191;2180,03;2180,03;568,5629976;44,30917359;625,019;625,019;0,39700257;2,23;2,23
3003;Sontrodeneinsätze gewechselt;2553,195068;1957,638157;232,5748013;2210,28;2210,28;566,3928629;43,4613863;625,019;625,019;0,412813424;2,29;2,29
3004;Sontrodeneinsätze gewechselt;2663,979492;1927,991671;228,521718;2126,28;2126,28;564,7453504;43,07074611;626,972;626,972;0,426358381;2,38;2,38
3005;Sontrodeneinsätze gewechselt;2702,678223;1922,03705;228,0131296;2183,22;2183,22;565,7934656;42,88096633;626,972;626,972;0,410361214;2,27;2,27
3006;Sontrodeneinsätze gewechselt;2553,542725;1953,269821;233,3651516;2156,06;2156,06;564,9621726;44,04517396;626,972;626,972;0,422723753;2,38;2,38
3007;Sontrodeneinsätze gewechselt;2597,030762;1953,215477;237,6204951;2177,38;2177,38;567,2311308;43,27056861;623,066;623,066;0,440657824;2,42001;2,42001
3008;Sontrodeneinsätze gewechselt;2697,152588;1959,246365;234,718997;2191,59;2191,59;567,2635971;44,18940638;626,972;626,972;0,452947628;2,49;2,49
3009;Sontrodeneinsätze gewechselt;2574,790039;1886,576461;221,0451669;2139,73;2139,73;566,6212227;43,3047327;625,019;625,019;0,403404151;2,31001;2,31001
3010;Sontrodeneinsätze gewechselt;2663,703369;1925,308288;227,5031096;2156,99;2156,99;567,6392792;44,11301499;619,16;619,16;0,422657454;2,38;2,38
3011;Sontrodeneinsätze gewechselt;2528,368408;1956,780642;232,022381;2188,83;2188,83;564,4082837;44,2243258;628,925;628,925;0,411763692;2,3;2,3
3012;Sontrodeneinsätze gewechselt;2597,028076;1945,481226;227,8550649;2204,73;2204,73;565,4872298;43,73819097;625,019;625,019;0,452639835;2,47;2,47
3013;Sontrodeneinsätze gewechselt;2717,73999;1926,755929;227,2841664;2138,03;2138,03;563,6039829;41,85925323;619,16;619,16;0,447540538;2,41;2,41
3014;Sontrodeneinsätze gewechselt;2632,551025;1958,74755;237,378879;2179,12;2179,12;566,900459;44,72561509;626,972;626,972;0,399441942;2,25999;2,25999
3015;Sontrodeneinsätze gewechselt;2565,611816;1983,96671;238,1082419;2248,97;2248,97;564,6442998;42,33122859;625,019;625,019;0,425894245;2,32;2,32
3016;Sontrodeneinsätze gewechselt;2478,47876;1925,546486;226,5668557;2115,43;2115,43;564,3301814;41,49987666;615,253;615,253;0,456326296;2,45;2,45
3017;Sontrodeneinsätze gewechselt;2587,906982;2006,501846;242,5964575;2190,81;2190,81;566,1531848;43,41321947;619,16;619,16;0,422237835;2,32999;2,32999
3018;Sontrodeneinsätze gewechselt;2648,101318;2033,359651;252,098468;2307,56;2307,56;566,1080585;42,85725703;619,16;619,16;0,416496087;2,25;2,25
3019;Sontrodeneinsätze gewechselt;2517,185059;1970,911483;227,7145781;2232,98;2232,98;567,1286389;41,65183911;619,16;619,16;0,387816589;2,15;2,15
3020;Sontrodeneinsätze gewechselt;2498,940674;1905,901291;222,5496769;2121,42;2121,42;566,712695;41,85310003;621,113;621,113;0,411688763;2,24;2,24
3021;Sontrodeneinsätze gewechselt;2616,707031;1963,231006;234,6809567;2181,67;2181,67;564,5262535;42,48122715;619,16;619,16;0,407726865;2,25999;2,25999
3022;Sontrodeneinsätze gewechselt;2577,659912;1935,347743;231,7297092;2153,48;2153,48;561,5131409;44,42054997;623,066;623,066;0,433965255;2,48;2,48
3023;Sontrodeneinsätze gewechselt;2527,995605;1941,161338;229,4025166;2159,38;2159,38;564,9147583;43,85992867;617,206;617,206;0,421164988;2,37;2,37
3024;Sontrodeneinsätze gewechselt;2616,238525;1898,954049;225,3290569;2108,58;2108,58;564,766864;41,12898663;615,253;615,253;0,470206888;2,51;2,51
3025;Sontrodeneinsätze gewechselt;2586,42041;1923,972817;226,5409214;2178,18;2178,18;564,9766368;43,5226557;617,206;617,206;0,455244735;2,49;2,49
3026;Sontrodeneinsätze gewechselt;2579,534912;2010,709481;243,1910616;2201,19;2201,19;564,1094065;42,0875624;615,253;615,253;0,459506309;2,39001;2,39001
3027;Sontrodeneinsätze gewechselt;2624,965088;1954,26763;232,3555502;2139,71;2139,71;564,9671201;44,12859357;617,206;617,206;0,41941999;2,34;2,34
3028;Sontrodeneinsätze gewechselt;2615,45166;1941,169531;234,278346;2163,36;2163,36;566,1186811;44,38647806;623,066;623,066;0,4387531;2,46999;2,46999
